序號,投保單位名稱,縣市別,機關性質,法定人數,不足人數
1,台灣積體電路製造股份有限公司,新竹市,D,303,116
2,友達光電股份有限公司,新竹市,D,192,83
3,聯華電子股份有限公司,新竹市,D,119,69
4,力晶科技股份有限公司,新竹市,D,43,34
5,南茂科技股份有限公司,新竹縣,D,46,28
6,力成科技股份有限公司,新竹縣,D,49,27
7,長榮航空股份有限公司,桃園縣,D,46,25
8,花旗（台灣）商業銀行股份有限公司,臺北市,D,50,20
9,仁寶電腦工業股份有限公司,桃園縣,D,50,18
10,三商美邦人壽保險股份有限公司,臺北市,D,59,17
11,台灣康寧顯示玻璃股份有限公司,臺中市,D,28,16
12,台灣高速鐵路股份有限公司,臺北市,D,32,16
13,遠東國際商業銀行股份有限公司,臺北市,D,25,15
14,華邦電子股份有限公司,臺中市,D,20,14
15,華碩電腦股份有限公司,臺北市,D,40,14
16,台塑石化股份有限公司,雲林縣,D,48,14
17,長榮航太科技股份有限公司,桃園縣,D,21,14
18,藝珂人事顧問股份有限公司,臺北市,D,28,13
19,瀚宇彩晶股份有限公司,臺北市,D,26,13
20,渣打國際商業銀行股份有限公司,新竹市,D,39,12
21,元大商業銀行股份有限公司,臺北市,D,26,12
22,中龍鋼鐵股份有限公司,臺中市,D,29,12
23,勤業眾信聯合會計師事務所（黃樹傑會計師）,臺北市,D,32,12
24,台灣麥當勞餐廳股份有限公司,臺北市,D,22,11
25,鉅晶電子股份有限公司,新竹市,D,14,10
26,隆達電子股份有限公司,新竹市,D,21,10
27,三商行股份有限公司,臺北市,D,34,10
28,新加坡商星展銀行股份有限公司台北分行,臺北市,D,13,10
29,主富服裝股份有限公司,臺北市,D,14,10
30,臺灣新光商業銀行股份有限公司,臺北市,D,34,10
31,旭硝子顯示玻璃股份有限公司,雲林縣,D,17,9
32,新加坡商惠普全球科技股份有限公司台灣分公司,臺北市,D,11,9
33,玉山商業銀行股份有限公司,臺北市,D,20,9
34,台灣大哥大股份有限公司,臺北市,D,26,9
35,新竹物流股份有限公司,新竹縣,D,29,8
36,和碩聯合科技股份有限公司,臺北市,D,49,8
37,上海商業儲蓄銀行股份有限公司,臺北市,D,23,8
38,東方美企業股份有限公司,高雄市,D,10,8
39,研華股份有限公司,臺北市,D,20,8
40,華資粧業股份有限公司,新北市,D,17,8
41,長榮海運股份有限公司,臺北市,D,12,7
42,中華映管股份有限公司龍潭廠,桃園縣,D,37,7
43,台灣電氣硝子股份有限公司,臺中市,D,8,7
44,南亞電路板股份有限公司樹林廠,新北市,D,13,7
45,微星科技股份有限公司,新北市,D,20,7
46,香港商捷時海外貿易有限公司台灣分公司,臺北市,D,12,7
47,遠雄人壽保險事業股份有限公司,臺北市,D,14,7
48,香港商蘋果日報出版發展有限公司台灣分公司,臺北市,D,11,7
49,台灣玻璃工業股份有限公司新竹廠,新竹市,D,10,6
50,台灣應用材料股份有限公司,新竹縣,D,7,6
51,南亞科技股份有限公司錦興廠,桃園縣,D,17,6
52,南亞電路板股份有限公司錦興廠,桃園縣,D,59,6
53,奇美材料科技股份有限公司,臺南市,D,11,6
54,昱晶能源科技股份有限公司台北分公司,臺北市,D,8,6
55,永碩聯合國際股份有限公司,臺北市,D,11,6
56,聚成科技股份有限公司,新竹市,D,8,6
57,京城商業銀行股份有限公司,臺南市,D,10,6
58,英屬維京群島商漢登企業有限公司台灣分公司,臺北市,D,10,6
59,趨勢科技股份有限公司,臺北市,D,11,6
60,美商怡佳股份有限公司台灣分公司,臺北市,D,9,6
61,達鴻先進科技股份有限公司,新竹縣,D,10,6
62,璨圓光電股份有限公司,桃園縣,D,9,6
63,泰金寶電通股份有限公司,臺北市,D,9,6
64,三信商業銀行股份有限公司,臺中市,D,11,6
65,台灣華歌爾股份有限公司,桃園縣,D,24,5
66,台灣明尼蘇達礦業製造股份有限公司,臺北市,D,10,5
67,光寶科技股份有限公司,新北市,D,19,5
68,光磊科技股份有限公司,新竹市,D,13,5
69,明基材料股份有限公司,桃園縣,D,11,5
70,日月光半導體製造股份有限公司中壢分公司,桃園縣,D,38,5
71,昱晶能源科技股份有限公司,苗栗縣,D,8,5
72,台灣富士全錄股份有限公司,臺北市,D,9,5
73,華泰大飯店企業股份有限公司,臺北市,D,5,5
74,宏碁股份有限公司,臺北市,D,22,5
75,釆盟股份有限公司,臺北市,D,11,5
76,香港商法華香水化粧品有限公司台灣分公司,臺北市,D,5,5
77,英屬維京群島商銀鯨股份有限公司台灣分公司,臺北市,D,7,5
78,香港商瑞健股份有限公司台灣分公司,桃園縣,D,12,5
79,新加坡商安富利股份有限公司台灣分公司,臺北市,D,6,5
80,新加坡商立可人事顧問有限公司台灣分公司,臺北市,D,6,5
81,新世紀光電股份有限公司,臺南市,D,10,5
82,香港商雅虎資訊股份有限公司台灣分公司,臺北市,D,10,5
83,時代國際飯店股份有限公司,臺北市,D,9,5
84,台灣優衣庫有限公司,新北市,D,10,5
85,輝瑞大藥廠股份有限公司,新北市,D,4,4
86,潤泰全球股份有限公司,臺北市,D,12,4
87,黛安芬國際股份有限公司,新北市,D,13,4
88,新日興股份有限公司,新北市,D,9,4
89,敬鵬工業股份有限公司,桃園縣,D,37,4
90,致茂電子股份有限公司,桃園縣,D,12,4
91,矽統科技股份有限公司,新竹縣,D,6,4
92,定穎電子股份有限公司,桃園縣,D,10,4
93,台灣必成股份有限公司,嘉義縣,D,8,4
94,銀泰科技股份有限公司,臺中市,D,10,4
95,達航工業股份有限公司,臺中市,D,5,4
96,台達電子工業股份有限公司台南分公司,臺南市,D,5,4
97,索爾思光電股份有限公司,新竹縣,D,4,4
98,台灣順豐速運有限公司,臺北市,D,6,4
99,明興光電股份有限公司,新竹縣,D,4,4
100,景智電子股份有限公司,桃園縣,D,5,4
101,聯景光電股份有限公司,桃園縣,D,8,4
102,保誠人壽保險股份有限公司,臺北市,D,6,4
103,太平洋崇光百貨股份有限公司,臺北市,D,10,4
104,台灣屈臣氏個人用品商店股份有限公司,臺北市,D,49,4
105,群益金鼎證券股份有限公司,臺北市,D,8,4
106,西門子股份有限公司,臺北市,D,5,4
107,英屬開曼群島商香奈兒精品股份有限公司台灣分公司,臺北市,D,4,4
108,萬泰商業銀行股份有限公司,臺北市,D,8,4
109,中宇環保工程股份有限公司,高雄市,D,11,4
110,三立電視股份有限公司,臺北市,D,11,4
111,群環科技股份有限公司,臺北市,D,4,4
112,美商安邁科技股份有限公司台灣分公司,臺北市,D,4,4
113,功學社山葉樂器股份有限公司,臺北市,D,6,4
114,台灣保全股份有限公司,臺北市,D,10,4
115,和潤企業股份有限公司,臺北市,D,4,4
116,安瀚視特股份有限公司,臺南市,D,6,4
117,傳奇網路遊戲股份有限公司,臺北市,D,4,4
118,荷蘭商臺灣戴爾股份有限公司台灣分公司,臺北市,D,6,4
119,信亞人力派遣股份有限公司,臺北市,D,28,4
120,瑞士商寶潔家品有限公司台灣分公司,臺北市,D,4,4
121,壹傳媒電視廣播股份有限公司,臺北市,D,10,4
122,國泰醫療財團法人國泰綜合醫院,臺北市,D,38,4
123,遠東航空股份有限公司,臺北市,D,5,3
124,華新麗華股份有限公司,臺北市,D,13,3
125,台灣杜邦股份有限公司,臺北市,D,5,3
126,翰林出版事業股份有限公司,臺南市,D,10,3
127,大連化學工業股份有限公司,臺北市,D,6,3
128,台灣玻璃工業股份有限公司台中廠,臺中市,D,10,3
129,鴻海精密工業股份有限公司新竹園區分公司,新竹市,D,11,3
130,台灣化學纖維股份有限公司麥寮分公司,雲林縣,D,17,3
131,聯測科技股份有限公司,新竹市,D,14,3
132,궏碁科技股份有限公司,新竹縣,D,20,3
133,廣明光電股份有限公司,桃園縣,D,3,3
134,和鑫光電股份有限公司,臺南市,D,28,3
135,全智科技股份有限公司,新竹市,D,3,3
136,亞太優勢微系統股份有限公司,新竹縣,D,3,3
137,台灣艾司摩爾股份有限公司,新竹市,D,6,3
138,太陽光電能源科技股份有限公司,新竹縣,D,3,3
139,南亞科技股份有限公司三廠,新北市,D,23,3
140,精聯電子股份有限公司,新北市,D,3,3
141,第一商業銀行股份有限公司,臺北市,D,66,3
142,台灣飛利浦股份有限公司,臺北市,D,3,3
143,中華開發工業銀行股份有限公司,臺北市,D,6,3
144,台灣雀巢股份有限公司,臺北市,D,3,3
145,威健實業股份有限公司,臺北市,D,4,3
146,遠揚營造工程股份有限公司,臺北市,D,6,3
147,年代網際事業股份有限公司,臺北市,D,6,3
148,美商英特爾亞太科技有限公司台灣分公司,臺北市,D,6,3
149,台灣房屋仲介股份有限公司,臺北市,D,6,3
150,全家便利商店股份有限公司,臺北市,D,43,3
151,統一綜合證券股份有限公司,臺北市,D,15,3
152,龍巖股份有限公司,臺北市,D,4,3
153,聚陽實業股份有限公司,臺北市,D,4,3
154,台灣索尼股份有限公司,臺北市,D,4,3
155,美商科磊股份有限公司台灣分公司,新竹縣,D,4,3
156,台灣巴斯夫股份有限公司,臺北市,D,6,3
157,精英人力資源股份有限公司,臺北市,D,18,3
158,奇鋐科技股份有限公司,新北市,D,4,3
159,法떈麗國際股份有限公司,臺北市,D,3,3
160,科林研發股份有限公司,新竹市,D,3,3
161,益登科技股份有限公司,臺北市,D,3,3
162,耕興股份有限公司,新北市,D,4,3
163,傲勝國際股份有限公司,臺北市,D,3,3
164,長榮空運倉儲股份有限公司,桃園縣,D,5,3
165,勝霖藥品股份有限公司,臺中市,D,4,3
166,群聯電子股份有限公司,新竹縣,D,5,3
167,台灣大昌華嘉股份有限公司,臺北市,D,7,3
168,震旦行股份有限公司台北二十九分公司,新北市,D,5,3
169,泰宣企業股份有限公司,臺北市,D,7,3
170,富士康國際股份有限公司,新北市,D,15,3
171,互盛股份有限公司台北東二區分公司,臺北市,D,4,3
172,益和國際股份有限公司,新北市,D,3,3
173,台新國際商業銀行股份有限公司敦南分公司,臺北市,D,56,3
174,華泰商業銀行股份有限公司,臺北市,D,8,3
175,長庚醫療財團法人高雄長庚紀念醫院,高雄市,D,50,3
176,裕民航運股份有限公司,臺北市,D,3,2
177,中華航空股份有限公司,桃園縣,D,62,2
178,花王（台灣）股份有限公司,新北市,D,5,2
179,臺灣華可貴股份有限公司,桃園縣,D,16,2
180,正新橡膠工業股份有限公司,彰化縣,D,43,2
181,永信藥品工業股份有限公司,臺中市,D,11,2
182,嘉裕股份有限公司,臺北市,D,3,2
183,東台精機股份有限公司,高雄市,D,7,2
184,森田印刷廠股份有限公司,臺南市,D,3,2
185,均豪精密工業股份有限公司,新竹縣,D,5,2
186,春原營造股份有限公司,臺北市,D,2,2
187,精技電腦股份有限公司,臺北市,D,4,2
188,油機工業股份有限公司,高雄市,D,4,2
189,宏益玻璃科技股份有限公司,新北市,D,7,2
190,國瑞汽車股份有限公司,臺北市,D,35,2
191,寶僑家品股份有限公司,臺北市,D,2,2
192,明緯企業股份有限公司,新北市,D,3,2
193,實盈股份有限公司,臺北市,D,2,2
194,亞洲化學股份有限公司楊梅一廠,桃園縣,D,5,2
195,友訊科技股份有限公司,臺北市,D,6,2
196,亞東工業氣體股份有限公司,臺北市,D,3,2
197,伊頓飛瑞慕品股份有限公司內湖廠,臺北市,D,6,2
198,亞旭電腦股份有限公司,新北市,D,11,2
199,智冠科技股份有限公司,高雄市,D,3,2
200,喬鼎資訊股份有限公司,新竹市,D,2,2
201,林朋科技股份有限公司,臺中市,D,2,2
202,南亞塑膠工業股份有限公司麥寮分公司,雲林縣,D,13,2
203,東京威力科創股份有限公司,新竹市,D,3,2
204,昇陽國際半導體股份有限公司,新竹市,D,3,2
205,中華凸版電子股份有限公司,桃園縣,D,2,2
206,茂達電子股份有限公司,新竹市,D,3,2
207,金居開發銅箔股份有限公司,臺北市,D,2,2
208,艾克爾國際科技股份有限公司,桃園縣,D,12,2
209,國巨股份有限公司大發廠,新北市,D,5,2
210,盛群半導體股份有限公司,新竹市,D,3,2
211,州巧科技股份有限公司,新竹縣,D,3,2
212,達邁科技股份有限公司,新竹縣,D,2,2
213,台塑海運股份有限公司,臺北市,D,2,2
214,兆遠科技股份有限公司,新竹縣,D,3,2
215,介面光電股份有限公司,桃園縣,D,26,2
216,閎暉實業股份有限公司,新北市,D,7,2
217,鴻佰科技股份有限公司,桃園縣,D,3,2
218,華亞科技股份有限公司,桃園縣,D,35,2
219,恩茂科技股份有限公司,桃園縣,D,4,2
220,友輝光電股份有限公司,桃園縣,D,3,2
221,台灣大福高科技設備股份有限公司,臺南市,D,2,2
222,研碩電腦股份有限公司,臺北市,D,3,2
223,日商丸紅國際股份有限公司交通專案分公司,臺北市,D,2,2
224,台灣大日印光罩科技股份有限公司,新竹市,D,2,2
225,高通顯示器製造股份有限公司,新竹市,D,3,2
226,昱成光能股份有限公司,臺北市,D,2,2
227,揚弘實業股份有限公司,臺北市,D,4,2
228,品冠企業社（麥寮廠）,雲林縣,D,2,2
229,第一產物保險股份有限公司,臺北市,D,7,2
230,中國電視事業股份有限公司,臺北市,D,5,2
231,優美股份有限公司,臺北市,D,2,2
232,南陽實業股份有限公司,臺北市,D,8,2
233,中興保全股份有限公司,臺北市,D,5,2
234,吉興工程顧問股份有限公司,臺北市,D,3,2
235,儒鴻企業股份有限公司,新北市,D,9,2
236,仲量聯行股份有限公司,臺北市,D,3,2
237,荷商葛蘭素史克藥廠股份有限公司台灣分公司,臺北市,D,3,2
238,崇貿科技股份有限公司,新北市,D,2,2
239,滿心企業股份有限公司,新北市,D,7,2
240,長榮國際股份有限公司,臺北市,D,14,2
241,群光電子股份有限公司,新北市,D,5,2
242,凱撒大飯店股份有限公司,屏東縣,D,2,2
243,台灣玻璃工業股份有限公司,臺北市,D,2,2
244,台灣德國萊因技術監護顧問股份有限公司,臺北市,D,3,2
245,荷蘭商古馳亞太貿易股份有限公司台灣分公司,臺北市,D,3,2
246,艾波比股份有限公司,臺北市,D,3,2
247,阿托科技股份有限公司,臺北市,D,2,2
248,立端科技股份有限公司,新北市,D,4,2
249,新宇科技服務股份有限公司,臺北市,D,3,2
250,瑞士商瑞士銀行股份有限公司台北分公司,臺北市,D,2,2
251,華立企業股份有限公司台北分公司,臺北市,D,3,2
252,美商亞培股份有限公司台灣分公司,臺北市,D,3,2
253,杏一醫療用品股份有限公司,桃園縣,D,9,2
254,敦陽科技股份有限公司,新竹市,D,6,2
255,普安科技股份有限公司,新北市,D,4,2
256,國泰世紀產物保險股份有限公司,臺北市,D,16,2
257,聯意製作股份有限公司,臺北市,D,10,2
258,伍豐科技股份有限公司,新北市,D,2,2
259,台灣三星電子股份有限公司,臺北市,D,4,2
260,凌華科技股份有限公司,新北市,D,7,2
261,新加坡商克蘭詩股份有限公司台灣分公司,臺北市,D,2,2
262,日商瑞穗實業銀行股份有限公司台北分公司,臺北市,D,2,2
263,大潤發流通事業股份有限公司,臺北市,D,2,2
264,新光三越百貨股份有限公司台北信義分公司,臺北市,D,6,2
265,光環科技股份有限公司,新竹市,D,4,2
266,藝珂人事顧問股份有限公司新竹分公司,新竹市,D,3,2
267,思夢樂股份有限公司,桃園縣,D,3,2
268,臺灣阿斯特捷利康股份有限公司,臺北市,D,2,2
269,臺灣工業銀行股份有限公司,臺北市,D,2,2
270,台灣日괵金屬股份有限公司,桃園縣,D,2,2
271,系微股份有限公司,臺北市,D,5,2
272,立錡科技股份有限公司,新竹縣,D,7,2
273,精實企業管理顧問股份有限公司,臺北市,D,6,2
274,廣積科技股份有限公司,臺北市,D,3,2
275,明基電通股份有限公司,臺北市,D,3,2
276,台灣新思科技有限公司,臺北市,D,2,2
277,霖園公寓大廈管理維護股份有限公司,臺北市,D,2,2
278,百慕達商泰科資訊科技有限公司台灣分公司,臺北市,D,2,2
279,雅妮絲比股份有限公司,新北市,D,2,2
280,雷凌科技股份有限公司,新竹縣,D,3,2
281,台耀科技股份有限公司,桃園縣,D,2,2
282,督洋生技股份有限公司,臺北市,D,2,2
283,閎康科技股份有限公司,新竹縣,D,2,2
284,香港商歷궐亞太有限公司台灣分公司,臺北市,D,4,2
285,中化裕民健康事業股份有限公司,臺北市,D,2,2
286,大予行銷顧問有限公司,臺北市,D,3,2
287,遠東都會股份有限公司,臺北市,D,3,2
288,海華科技股份有限公司,新北市,D,2,2
289,華創車電技術中心股份有限公司,臺北市,D,10,2
290,台灣大戶屋股份有限公司,臺北市,D,3,2
291,長生能源股份有限公司,臺北市,D,2,2
292,中華國際黃頁股份有限公司,臺北市,D,3,2
293,鵬泰顧問有限公司,臺北市,D,5,2
294,京站實業股份有限公司,臺北市,D,2,2
295,台灣固網股份有限公司,臺北市,D,3,2
296,德甯股份有限公司,臺北市,D,5,2
297,第一商業銀行信用卡處,臺北市,D,2,2
298,馥盛股份有限公司,臺北市,D,2,2
299,巴黎管理顧問股份有限公司,臺北市,D,2,2
300,誠品生活股份有限公司,臺北市,D,6,2
301,荷蘭商띔拉股份有限公司台灣分公司,臺北市,D,2,2
302,資誠聯合會計師事務所（薛明玲會計師）,臺北市,D,23,2
303,長庚醫療財團法人台北長庚紀念醫院,臺北市,D,9,2
304,天下雜誌股份有限公司,臺北市,D,2,2
305,中國醫藥大學附設醫院,臺中市,D,38,2
306,日商倍樂生股份有限公司台北分公司,臺北市,D,3,2
307,長庚醫療財團法人雲林長庚紀念醫院,雲林縣,D,2,2
308,臺灣水泥股份有限公司總管理處,臺北市,D,2,1
309,台灣中華化學工業股份有限公司,桃園縣,D,2,1
310,中國化學製藥股份有限公司,臺北市,D,6,1
311,台南紡織股份有限公司,臺南市,D,17,1
312,新興航運股份有限公司,臺北市,D,1,1
313,奇美實業股份有限公司,臺南市,D,20,1
314,泰華油脂工業股份有限公司,高雄市,D,1,1
315,台灣水泥股份有限公司花蓮廠,花蓮縣,D,1,1
316,三福氣體股份有限公司,臺北市,D,7,1
317,台灣第一三共股份有限公司,臺北市,D,1,1
318,臺灣塑膠工業股份有限公司,高雄市,D,7,1
319,台灣新東機械股份有限公司,新北市,D,1,1
320,泰翔纖維染整股份有限公司,新北市,D,1,1
321,漢威聯合股份有限公司,新北市,D,1,1
322,臺灣日鍛工業股份有限公司,桃園縣,D,1,1
323,中化合成生技股份有限公司,新北市,D,2,1
324,宏益纖維工業股份有限公司,臺北市,D,2,1
325,聯城工業股份有限公司,新竹縣,D,1,1
326,台灣卡西歐股份有限公司,臺北市,D,1,1
327,台灣佳能股份有限公司,臺中市,D,47,1
328,中日合成化學股份有限公司,臺北市,D,1,1
329,台灣村田股份有限公司,臺中市,D,3,1
330,惠民製藥股份有限公司,臺北市,D,1,1
331,台灣好奇股份有限公司,高雄市,D,1,1
332,華泰電子股份有限公司,高雄市,D,39,1
333,台灣山二股份有限公司,臺中市,D,1,1
334,佳麗寶化工股份有限公司,高雄市,D,1,1
335,高力熱處理工業股份有限公司,桃園縣,D,3,1
336,仁宗蕾絲股份有限公司,桃園縣,D,1,1
337,台硝股份有限公司,桃園縣,D,1,1
338,國揚實業股份有限公司,臺北市,D,1,1
339,中影股份有限公司製片廠,臺北市,D,1,1
340,裕元興業股份有限公司,臺北市,D,1,1
341,三傑耐火化工股份有限公司,臺北市,D,1,1
342,皇冠金屬工業股份有限公司,臺北市,D,1,1
343,達興纖維股份有限公司新化工廠,臺南市,D,1,1
344,台灣生物製劑股份有限公司,彰化縣,D,1,1
345,佳美食品工業股份有限公司,臺中市,D,3,1
346,協易機械工業股份有限公司,桃園縣,D,3,1
347,三久股份有限公司,臺中市,D,1,1
348,中美嘉吉股份有限公司台中飼料廠,臺中市,D,1,1
349,新生五金工廠股份有限公司,臺北市,D,1,1
350,健喬信元醫藥生技股份有限公司,新竹縣,D,3,1
351,納爾科股份有限公司,新北市,D,1,1
352,超眾科技股份有限公司,新北市,D,2,1
353,中美和石油化學股份有限公司,臺北市,D,3,1
354,裕榮食品股份有限公司,高雄市,D,1,1
355,美律實業股份有限公司,臺中市,D,4,1
356,嬌生股份有限公司,臺北市,D,1,1
357,泰鋒染化工業股份有限公司,桃園縣,D,1,1
358,台裕化學製藥廠股份有限公司,新竹縣,D,2,1
359,漢泰鋼鐵廠股份有限公司,高雄市,D,1,1
360,中傳企業股份有限公司,桃園縣,D,1,1
361,溫士頓醫藥股份有限公司,臺南市,D,1,1
362,格得電子工業股份有限公司,高雄市,D,1,1
363,宏和精密紡織股份有限公司,臺南市,D,1,1
364,天盛精微科技有限公司,桃園縣,D,1,1
365,濟生股份有限公司,臺北市,D,1,1
366,白雪企業股份有限公司,臺北市,D,1,1
367,光洋應用材料科技股份有限公司,臺南市,D,11,1
368,隆典實業股份有限公司,臺中市,D,1,1
369,榮勝機械工程股份有限公司,新竹市,D,1,1
370,和旭機械股份有限公司,臺北市,D,1,1
371,坤福營造股份有限公司,臺中市,D,1,1
372,台昌彩藝工業股份有限公司,臺中市,D,1,1
373,燦坤實業股份有限公司,臺南市,D,40,1
374,華格電子股份有限公司,臺南市,D,1,1
375,偉銓營造有限公司,臺南市,D,1,1
376,龍偉實業股份有限公司,新北市,D,1,1
377,和和機械股份有限公司,臺中市,D,1,1
378,亞柏工業有限公司,彰化縣,D,1,1
379,有美股份有限公司,臺北市,D,1,1
380,喬暘電子股份有限公司,臺北市,D,1,1
381,偉林電子股份有限公司,臺北市,D,1,1
382,同昌機械股份有限公司,桃園縣,D,1,1
383,台技塑膠股份有限公司,桃園縣,D,1,1
384,旭和螺絲工業股份有限公司,高雄市,D,1,1
385,巧力工業股份有限公司,臺北市,D,1,1
386,松穎機械工業股份有限公司,苗栗縣,D,1,1
387,萬國通路股份有限公司,臺南市,D,3,1
388,星記精密工業股份有限公司,臺中市,D,1,1
389,全友電腦股份有限公司,新竹市,D,1,1
390,國巨股份有限公司,新北市,D,2,1
391,北爾電子股份有限公司,新北市,D,1,1
392,博世力士樂股份有限公司,新北市,D,1,1
393,志沛企業有限公司,臺北市,D,1,1
394,港洲營造股份有限公司,臺中市,D,1,1
395,北譯精機股份有限公司,桃園縣,D,1,1
396,啟德電子股份有限公司,臺中市,D,1,1
397,智偉織造股份有限公司,桃園縣,D,1,1
398,遠雄營造股份有限公司,臺北市,D,1,1
399,隆大營建事業股份有限公司,高雄市,D,1,1
400,百略醫學科技股份有限公司,臺北市,D,1,1
401,惠普股份有限公司,臺北市,D,1,1
402,新歷芳企業股份有限公司,臺中市,D,1,1
403,台灣前電電業股份有限公司,臺北市,D,1,1
404,台灣伊都錦股份有限公司,臺北市,D,2,1
405,伍經企業股份有限公司,高雄市,D,1,1
406,永誠興業股份有限公司,高雄市,D,1,1
407,國記營造股份有限公司,桃園縣,D,1,1
408,華容股份有限公司,高雄市,D,1,1
409,璟豐工業股份有限公司,臺南市,D,2,1
410,逢吉工業股份有限公司,臺中市,D,1,1
411,明門實業股份有限公司,臺北市,D,1,1
412,大進精工股份有限公司,臺南市,D,1,1
413,台灣赫克力士股份有限公司,臺北市,D,1,1
414,向隆興業股份有限公司,新北市,D,1,1
415,油欣精機股份有限公司,桃園縣,D,1,1
416,巨擘科技股份有限公司,新竹市,D,7,1
417,佳世達科技股份有限公司,桃園縣,D,17,1
418,詮盛工業股份有限公司,屏東縣,D,1,1
419,中鹿營造股份有限公司,臺北市,D,2,1
420,台灣航空電子股份有限公司,臺中市,D,6,1
421,利晉工程股份有限公司,桃園縣,D,2,1
422,華祺工業股份有限公司,桃園縣,D,1,1
423,丞豐實業股份有限公司,新北市,D,1,1
424,芳泉工業股份有限公司新營廠,臺南市,D,2,1
425,瑞鋒營造有限公司,高雄市,D,1,1
426,橋椿金屬股份有限公司,臺中市,D,2,1
427,泉順食品企業股份有限公司,苗栗縣,D,1,1
428,利強纖維染整股份有限公司,臺北市,D,1,1
429,利誼金屬股份有限公司,桃園縣,D,1,1
430,至佳電子股份有限公司,新北市,D,1,1
431,台灣陶氏化學股份有限公司,臺北市,D,1,1
432,正台興業股份有限公司,新北市,D,1,1
433,嘉新水泥股份有限公司,臺北市,D,1,1
434,宗達通運股份有限公司,新竹市,D,1,1
435,虎山交通器材廠有限公司,新北市,D,1,1
436,樹億興業股份有限公司,南投縣,D,1,1
437,邦昌金屬股份有限公司,臺中市,D,1,1
438,上品綜合工業股份有限公司,桃園縣,D,1,1
439,宏泰高分子企業有限公司,桃園縣,D,1,1
440,若雷針織股份有限公司,臺北市,D,1,1
441,麗儀服飾實業股份有限公司,新北市,D,1,1
442,南亞塑膠工業股份有限公司錦興廠,桃園縣,D,4,1
443,台灣百和工業股份有限公司,彰化縣,D,6,1
444,協欣電子工業股份有限公司,桃園縣,D,1,1
445,益華電腦科技股份有限公司,新竹市,D,1,1
446,磐昌科技企業股份有限公司,臺北市,D,1,1
447,彰源企業股份有限公司,雲林縣,D,5,1
448,旭大實業股份有限公司,新北市,D,1,1
449,町洋企業股份有限公司,新北市,D,1,1
450,實英實業股份有限公司,新北市,D,1,1
451,致伸科技股份有限公司,臺北市,D,6,1
452,連展科技股份有限公司,新北市,D,3,1
453,潤弘精密工程事業股份有限公司,臺北市,D,6,1
454,保聯企業股份有限公司,臺中市,D,1,1
455,東鏘工業股份有限公司,桃園縣,D,1,1
456,台灣田中貴金屬工業股份有限公司,臺北市,D,1,1
457,大立光電股份有限公司,臺中市,D,24,1
458,伸遠工業股份有限公司,新北市,D,1,1
459,優群科技股份有限公司,新竹市,D,1,1
460,長潤工業股份有限公司,高雄市,D,1,1
461,光菱電子股份有限公司,新北市,D,1,1
462,映瑞工業股份有限公司,高雄市,D,1,1
463,台灣上村股份有限公司,桃園縣,D,2,1
464,優志旺股份有限公司,臺北市,D,1,1
465,金頓科技股份有限公司,新北市,D,1,1
466,奇力速工業股份有限公司,新北市,D,1,1
467,新釧成機械股份有限公司,臺中市,D,1,1
468,德謙企業股份有限公司,新竹縣,D,1,1
469,松上電子股份有限公司,桃園縣,D,1,1
470,唯得實業股份有限公司,臺中市,D,1,1
471,臺灣光罩股份有限公司,新竹縣,D,3,1
472,建一強冷凍食品股份有限公司,高雄市,D,1,1
473,至信實業股份有限公司,臺中市,D,1,1
474,樂榮工業股份有限公司,臺北市,D,2,1
475,和寶企業股份有限公司,桃園縣,D,1,1
476,詩特莉食品股份有限公司,新北市,D,3,1
477,已久工業股份有限公司,臺南市,D,1,1
478,利鋼機械工業股份有限公司,臺中市,D,1,1
479,利高股份有限公司,臺北市,D,1,1
480,東纖精密工業股份有限公司,臺北市,D,1,1
481,無敵科技股份有限公司,臺北市,D,3,1
482,南帝精密股份有限公司,臺南市,D,1,1
483,瑞昱半導體股份有限公司,新竹縣,D,19,1
484,青輔實業股份有限公司,臺中市,D,1,1
485,環球油漆股份有限公司,高雄市,D,1,1
486,台灣永光化學工業股份有限公司第一廠,桃園縣,D,2,1
487,勤發電子股份有限公司,新北市,D,1,1
488,升旺工業股份有限公司,彰化縣,D,1,1
489,富相科技股份有限公司,臺北市,D,1,1
490,福佑電機股份有限公司,桃園縣,D,1,1
491,德麥食品股份有限公司,臺北市,D,2,1
492,矽成積體電路股份有限公司,新竹市,D,2,1
493,駐龍精密機械股份有限公司,高雄市,D,1,1
494,凱喬線路股份有限公司,桃園縣,D,2,1
495,伸豪機械工程股份有限公司,雲林縣,D,1,1
496,系通科技股份有限公司,新竹市,D,1,1
497,西柏科技股份有限公司,新北市,D,2,1
498,臺禹科機股份有限公司,新竹市,D,1,1
499,晉欣營造股份有限公司,高雄市,D,1,1
500,楊正股份有限公司,桃園縣,D,1,1
501,英濟股份有限公司,新北市,D,2,1
502,國登營造股份有限公司,高雄市,D,2,1
503,大洋塑膠工業股份有限公司大洋廠,新北市,D,3,1
504,精元電腦股份有限公司,臺中市,D,2,1
505,星通資訊股份有限公司,新竹市,D,1,1
506,自然興電通科技股份有限公司,桃園縣,D,1,1
507,台灣亞德諾半導體股份有限公司,臺北市,D,1,1
508,全日美實業股份有限公司永安廠,高雄市,D,2,1
509,乾坤科技股份有限公司,新竹縣,D,7,1
510,開源營造股份有限公司,高雄市,D,1,1
511,安囗食品機械股份有限公司,臺北市,D,1,1
512,新普科技股份有限公司,新竹縣,D,5,1
513,中磊電子股份有限公司,臺北市,D,4,1
514,元際股份有限公司,高雄市,D,1,1
515,台灣德聯高科股份有限公司,桃園縣,D,3,1
516,鈺鎧科技股份有限公司,臺中市,D,1,1
517,和勤精機股份有限公司,彰化縣,D,1,1
518,東庚企業股份有限公司,臺中市,D,2,1
519,慶盟工業股份有限公司,臺北市,D,1,1
520,奇異亞洲醫療設備股份有限公司,臺北市,D,1,1
521,太乙精密股份有限公司,新北市,D,1,1
522,寶島極光股份有限公司,桃園縣,D,1,1
523,虹堡科技股份有限公司,新北市,D,1,1
524,華新麗華股份有限公司鹽水廠,臺南市,D,10,1
525,東野精機股份有限公司,桃園縣,D,1,1
526,大園汽電共生股份有限公司,桃園縣,D,1,1
527,希旺科技股份有限公司,新竹市,D,1,1
528,日源企業有限公司,高雄市,D,1,1
529,日亞電機股份有限公司,臺北市,D,1,1
530,旗勝科技股份有限公司台南廠,臺南市,D,10,1
531,鑌鋒工業有限公司,新北市,D,1,1
532,義隆電子股份有限公司,新竹縣,D,6,1
533,威迅科技股份有限公司,新北市,D,1,1
534,儒成工業有限公司,新竹市,D,1,1
535,旺詮股份有限公司,高雄市,D,3,1
536,華普飛機引擎科技股份有限公司,桃園縣,D,1,1
537,元能股份有限公司,臺南市,D,1,1
538,台灣中瑞國際企業股份有限公司,新北市,D,1,1
539,集勝端子股份有限公司,彰化縣,D,1,1
540,亞信電子股份有限公司,新竹市,D,1,1
541,台灣阿克蘇諾貝爾塗料股份有限公司,桃園縣,D,1,1
542,譜榮系統科技股份有限公司,苗栗縣,D,1,1
543,永勝光學股份有限公司,臺中市,D,1,1
544,敬東科技股份有限公司,臺中市,D,1,1
545,日皓造紙工業股份有限公司,臺北市,D,1,1
546,穀盛股份有限公司,臺北市,D,1,1
547,聯捷運輸股份有限公司,臺北市,D,1,1
548,駿達汽車股份有限公司,高雄市,D,1,1
549,台塑勝高科技股份有限公司,雲林縣,D,8,1
550,台灣信越半導體股份有限公司,新竹縣,D,1,1
551,立可生有限公司,桃園縣,D,1,1
552,英利生股份有限公司,臺北市,D,3,1
553,卡夫食品股份有限公司,臺北市,D,1,1
554,香港商港龍航空有限公司台灣分公司,高雄市,D,1,1
555,致新科技股份有限公司,新竹市,D,2,1
556,禎佶祥實業股份有限公司,臺中市,D,1,1
557,正達國際光電股份有限公司,苗栗縣,D,13,1
558,晶積科技股份有限公司,桃園縣,D,1,1
559,星能股份有限公司,臺北市,D,1,1
560,晶采光電科技股份有限公司,新北市,D,1,1
561,云光科技股份有限公司,新竹縣,D,1,1
562,正璿精密實業有限公司,臺中市,D,1,1
563,東捷科技股份有限公司,臺南市,D,3,1
564,弘總企業有限公司,桃園縣,D,1,1
565,微程式資訊股份有限公司,臺中市,D,1,1
566,菱光科技股份有限公司,新北市,D,1,1
567,神乎科技股份有限公司,臺北市,D,1,1
568,創視紀科技股份有限公司,新北市,D,1,1
569,淳梓股份有限公司,臺中市,D,1,1
570,台塑旭彈性纖維股份有限公司,雲林縣,D,1,1
571,森業營造股份有限公司,臺北市,D,1,1
572,佳邦科技股份有限公司,苗栗縣,D,6,1
573,全訊科技股份有限公司,臺南市,D,1,1
574,鑫綠泰鑄造廠股份有限公司,臺中市,D,1,1
575,駿明交通運輸股份有限公司,高雄市,D,1,1
576,新德科技股份有限公司,新竹縣,D,1,1
577,旭軟電子科技股份有限公司,桃園縣,D,3,1
578,如記食品有限公司,高雄市,D,2,1
579,達創科技股份有限公司,桃園縣,D,8,1
580,漢翔瑞悠士股份有限公司,新竹市,D,1,1
581,聯仕電子化學材料股份有限公司,臺北市,D,1,1
582,榮眾科技股份有限公司,臺南市,D,2,1
583,台栗科技股份有限公司,臺北市,D,1,1
584,艾克爾先進科技股份有限公司,新竹縣,D,3,1
585,巨擘先進股份有限公司,苗栗縣,D,3,1
586,愛樹科技股份有限公司,新北市,D,1,1
587,正太科技股份有限公司,桃園縣,D,1,1
588,振順豐電子股份有限公司,桃園縣,D,1,1
589,億達薄膜股份有限公司,桃園縣,D,1,1
590,宇環科技股份有限公司,桃園縣,D,2,1
591,亞東預拌混凝土股份有限公司台中廠,臺中市,D,1,1
592,伍氏科技股份有限公司,臺北市,D,1,1
593,長裕欣業股份有限公司,新北市,D,1,1
594,新揚科技股份有限公司,高雄市,D,1,1
595,旭磊科技股份有限公司,新竹縣,D,1,1
596,熱映光電股份有限公司,新竹市,D,1,1
597,長榮鋼鐵股份有限公司新營廠,臺南市,D,3,1
598,台灣杜邦股份有限公司觀音廠,桃園縣,D,2,1
599,環天衛星科技股份有限公司,新北市,D,1,1
600,巨鎵科技股份有限公司,桃園縣,D,1,1
601,誼虹科技股份有限公司,新竹縣,D,1,1
602,上品綜合工業股份有限公司彰濱廠,彰化縣,D,1,1
603,其陽科技股份有限公司,新北市,D,1,1
604,華亞汽電股份有限公司,臺北市,D,1,1
605,瑪帕精密刀具系統股份有限公司,臺南市,D,1,1
606,聯鈞光電股份有限公司,新北市,D,4,1
607,富晶通科技股份有限公司,桃園縣,D,2,1
608,勝德國際研發股份有限公司,新北市,D,1,1
609,茂迪股份有限公司園區分公司,臺南市,D,29,1
610,建興電子科技股份有限公司園區分公司,新竹縣,D,4,1
611,正基科技股份有限公司,新竹縣,D,2,1
612,晶鼎能源科技股份有限公司,苗栗縣,D,2,1
613,奇景光電股份有限公司,臺南市,D,7,1
614,永嘉興股份有限公司,高雄市,D,1,1
615,迎輝科技股份有限公司,臺南市,D,4,1
616,台灣碩網網路娛樂股份有限公司,臺北市,D,1,1
617,台灣佩克科技股份有限公司,桃園縣,D,1,1
618,協泰國際股份有限公司,臺北市,D,1,1
619,精拓科技股份有限公司,新竹縣,D,1,1
620,台灣苯乙烯工業股份有限公司高雄廠,高雄市,D,1,1
621,頂正科技股份有限公司,臺南市,D,1,1
622,日商前田營造股份有限公司台灣分公司,臺北市,D,2,1
623,弘真科技股份有限公司,新竹縣,D,1,1
624,映普科技股份有限公司,新竹市,D,1,1
625,世鴻食品股份有限公司,臺南市,D,1,1
626,永隆科技股份有限公司,臺中市,D,1,1
627,御寶系統廚櫃股份有限公司,臺中市,D,1,1
628,智英科技股份有限公司,新北市,D,1,1
629,凱柏精密機械股份有限公司,臺中市,D,1,1
630,四維精密材料股份有限公司,新北市,D,4,1
631,聖藍科技股份有限公司,臺北市,D,1,1
632,鎧暘科技股份有限公司,新北市,D,1,1
633,台塑生醫科技股份有限公司,臺北市,D,2,1
634,力銘科技股份有限公司,新竹縣,D,1,1
635,台灣豪雅光電股份有限公司,苗栗縣,D,1,1
636,葳天科技股份有限公司,桃園縣,D,1,1
637,常廣股份有限公司,臺中市,D,1,1
638,鴻亞光電股份有限公司新竹廠,新竹市,D,1,1
639,優貝克科技股份有限公司南科分公司,臺南市,D,1,1
640,旺能光電股份有限公司,新竹縣,D,7,1
641,台灣明尼蘇達光電股份有限公司,臺南市,D,1,1
642,高群鈑金科技股份有限公司,臺南市,D,1,1
643,台灣捷時雅邁科股份有限公司,雲林縣,D,1,1
644,銓泰動力科技股份有限公司,臺南市,D,1,1
645,敦南科技股份有限公司新竹分公司,新竹市,D,3,1
646,日紳精密機械股份有限公司,臺中市,D,1,1
647,盈嘉科技股份有限公司,新北市,D,1,1
648,住華科技股份有限公司新竹分公司,新竹市,D,1,1
649,優士威精密股份有限公司,桃園縣,D,1,1
650,富元精密鍍膜股份有限公司,桃園縣,D,3,1
651,特一科技有限公司,臺北市,D,1,1
652,長瀨電子科技股份有限公司,桃園縣,D,3,1
653,實盈光電股份有限公司,新北市,D,1,1
654,力智電子股份有限公司,臺北市,D,2,1
655,群豐科技股份有限公司,新竹縣,D,10,1
656,香港商瑞鴻模具有限公司台灣分公司,桃園縣,D,1,1
657,登康科技有限公司,新北市,D,1,1
658,禾翰國際股份有限公司,臺北市,D,1,1
659,升達營造股份有限公司,臺北市,D,1,1
660,達興材料股份有限公司,臺中市,D,2,1
661,慶云事業股份有限公司,苗栗縣,D,1,1
662,奇力光電科技股份有限公司,臺南市,D,11,1
663,捷仕通運股份有限公司,臺北市,D,1,1
664,多元精密工業股份有限公司,桃園縣,D,1,1
665,偉銘木業有限公司,屏東縣,D,1,1
666,新輝光電股份有限公司,苗栗縣,D,1,1
667,香港商旭磐電子股份有限公司台灣分公司,桃園縣,D,1,1
668,中華電信股份有限公司企業客戶分公司,臺北市,D,3,1
669,德川機械股份有限公司,臺中市,D,1,1
670,八陽光電股份有限公司,臺南市,D,1,1
671,正裕科技工程股份有限公司,臺北市,D,1,1
672,沃亞科技股份有限公司,新竹市,D,1,1
673,北鉅精機股份有限公司,臺中市,D,1,1
674,太極能源科技股份有限公司,臺北市,D,4,1
675,畯燁工程企業有限公司,高雄市,D,1,1
676,益邦製藥股份有限公司,苗栗縣,D,1,1
677,綠點高新科技股份有限公司捷普設計服務分公司,臺北市,D,1,1
678,虹輝開發工程股份有限公司,臺北市,D,1,1
679,新科光電材料股份有限公司,臺北市,D,3,1
680,大亞聯合工程股份有限公司,臺南市,D,1,1
681,華德光電材料科技股份有限公司,臺北市,D,1,1
682,達能科技股份有限公司,桃園縣,D,4,1
683,先鋒材料科技股份有限公司,新北市,D,1,1
684,詮達股份有限公司,臺北市,D,1,1
685,新唐科技股份有限公司,新竹市,D,12,1
686,台灣塞科利達保全股份有限公司,臺北市,D,1,1
687,隆國際精機股份有限公司,臺中市,D,1,1
688,晶兆成科技股份有限公司,新竹縣,D,1,1
689,碩禾電子材料股份有限公司,新竹縣,D,1,1
690,光明海運股份有限公司,臺北市,D,1,1
691,兆邦光電股份有限公司,桃園縣,D,1,1
692,慶華物業管理顧問有限公司,臺中市,D,1,1
693,芯成科技股份有限公司,新竹縣,D,1,1
694,群光電能科技股份有限公司,新北市,D,4,1
695,台塑長園能源科技股份有限公司,臺北市,D,1,1
696,得惠工程有限公司,高雄市,D,1,1
697,台邑食品有限公司,臺中市,D,1,1
698,福聚太陽能股份有限公司屏東分公司,屏東縣,D,3,1
699,長利科技股份有限公司,臺南市,D,1,1
700,台灣軟電股份有限公司,臺北市,D,1,1
701,弘勝光電股份有限公司,新北市,D,1,1
702,鈺登科技股份有限公司,新竹市,D,1,1
703,美商達美航空股份有限公司台灣分公司,臺北市,D,1,1
704,群成科技股份有限公司,新竹縣,D,1,1
705,榮創能源科技股份有限公司竹南分公司,苗栗縣,D,2,1
706,崴方科技股份有限公司,新北市,D,1,1
707,維毅電器工程有限公司,臺北市,D,1,1
708,同欣電子工業股份有限公司中壢廠,桃園縣,D,3,1
709,迪特光電股份有限公司,桃園縣,D,1,1
710,光陽光電股份有限公司,新竹縣,D,1,1
711,長泓能源科技股份有限公司,臺中市,D,1,1
712,綠能科技股份有限公司南科分公司,高雄市,D,4,1
713,參聯國際股份有限公司,臺中市,D,1,1
714,朝陽國際家具有限公司,高雄市,D,1,1
715,日冠金屬股份有限公司,臺北市,D,1,1
716,明基材料股份有限公司南科分公司,臺南市,D,3,1
717,福和生鮮農產有限公司第一廠,新北市,D,1,1
718,台灣豪威光電科技股份有限公司,新竹市,D,1,1
719,坤大科技股份有限公司,新竹市,D,1,1
720,合晶科技股份有限公司園區分公司龍潭廠,桃園縣,D,3,1
721,蛋塔工場食品有限公司,臺北市,D,1,1
722,芙瑞始達烘焙股份有限公司,彰化縣,D,1,1
723,中央再保險股份有限公司,臺北市,D,1,1
724,新光產物保險股份有限公司,臺北市,D,13,1
725,蘇黎世產物保險股份有限公司,臺北市,D,8,1
726,台灣三菱商事股份有限公司,臺北市,D,1,1
727,台灣干那股份有限公司,臺北市,D,1,1
728,美商美國銀行股份有限公司台北分公司,臺北市,D,1,1
729,美商聯邦快遞股份有限公司台灣分公司,臺北市,D,9,1
730,台灣國際標準電子股份有限公司,臺北市,D,2,1
731,欣隆天然氣股份有限公司,基隆市,D,1,1
732,台灣住友商事股份有限公司,臺北市,D,1,1
733,伊克國際股份有限公司,臺北市,D,1,1
734,日立先端科技股份有限公司,臺北市,D,1,1
735,國泰世華商業銀行股份有限公司,臺北市,D,25,1
736,六福開發股份有限公司台北分公司,臺北市,D,2,1
737,雅基利股份有限公司,臺北市,D,1,1
738,星南通信電機工程有限公司,臺北市,D,1,1
739,富台工程股份有限公司,臺北市,D,4,1
740,洋基通運股份有限公司,臺北市,D,9,1
741,奇哥股份有限公司,臺北市,D,3,1
742,立通股份有限公司,臺北市,D,1,1
743,日商日本航空股份有限公司台灣分公司,臺北市,D,1,1
744,豐群水產股份有限公司,高雄市,D,1,1
745,惠普企業股份有限公司,臺北市,D,1,1
746,永準貿易股份有限公司,臺北市,D,1,1
747,台灣東芝電子股份有限公司,臺北市,D,1,1
748,根來皮飾有限公司,新北市,D,1,1
749,安東貿易股份有限公司,臺北市,D,1,1
750,永大特殊鋼股份有限公司,臺北市,D,1,1
751,友興儀器股份有限公司,臺北市,D,1,1
752,攝陽企業股份有限公司,新北市,D,1,1
753,威光自動化科技股份有限公司,新竹市,D,1,1
754,美商英特格有限公司台灣分公司,新竹市,D,1,1
755,麥肯廣告股份有限公司,臺北市,D,1,1
756,鴻池實業股份有限公司,臺南市,D,1,1
757,興慶貿易股份有限公司,臺南市,D,1,1
758,台灣三菱電機股份有限公司,臺北市,D,1,1
759,資通電腦股份有限公司,臺北市,D,3,1
760,華聿股份有限公司,桃園縣,D,1,1
761,湳開股份有限公司,臺北市,D,1,1
762,家榮股份有限公司,臺北市,D,1,1
763,固昌通訊股份有限公司,臺北市,D,1,1
764,瑞士商愛爾康大藥廠股份有限公司台灣分公司,新北市,D,1,1
765,博士倫股份有限公司,臺北市,D,1,1
766,台灣優生股份有限公司,臺北市,D,1,1
767,麗嬰國際股份有限公司,臺北市,D,3,1
768,櫻欣興業有限公司,臺中市,D,1,1
769,台灣歐力士股份有限公司,臺北市,D,1,1
770,臺灣丹馬士環球物流股份有限公司,臺北市,D,1,1
771,志邦企業股份有限公司,臺北市,D,1,1
772,復盛精密工業股份有限公司,新竹縣,D,5,1
773,泰安產物保險股份有限公司台中分公司,臺中市,D,1,1
774,美商摩根大通銀行股份有限公司台北分公司,臺北市,D,1,1
775,欣臨企業股份有限公司,臺北市,D,1,1
776,全國公證檢驗股份有限公司,臺北市,D,5,1
777,世暘工廠產業股份有限公司,高雄市,D,1,1
778,協祐股份有限公司,桃園縣,D,1,1
779,友尚股份有限公司,臺北市,D,6,1
780,伸地實業股份有限公司,臺北市,D,1,1
781,海韻電子工業股份有限公司,臺北市,D,1,1
782,台灣美聲企業股份有限公司,臺北市,D,1,1
783,台灣愛普生科技股份有限公司,臺北市,D,1,1
784,金石堂圖書股份有限公司,臺北市,D,5,1
785,甲桂林廣告股份有限公司,臺北市,D,1,1
786,美商達信保險經紀人股份有限公司台灣分公司,臺北市,D,1,1
787,日商三共生興股份有限公司台北分公司,臺北市,D,1,1
788,創技工業股份有限公司,新竹縣,D,1,1
789,宏毅國際有限公司,臺北市,D,1,1
790,晉倫科技股份有限公司,桃園縣,D,1,1
791,大傳企業股份有限公司,臺北市,D,2,1
792,兆豐國際證券投資信託股份有限公司,臺北市,D,1,1
793,冠껿股份有限公司,臺北市,D,1,1
794,神腦國際企業股份有限公司,新北市,D,25,1
795,吳氏皮飾有限公司,臺北市,D,1,1
796,悅電通信工程有限公司,臺北市,D,1,1
797,祥圃實業股份有限公司,臺北市,D,1,1
798,殷富資訊股份有限公司,臺北市,D,1,1
799,美商貝克曼庫爾特有限公司台灣分公司,臺北市,D,1,1
800,慶聲科技股份有限公司,新北市,D,1,1
801,巨唐股份有限公司,新北市,D,1,1
802,和訊股份有限公司,新北市,D,1,1
803,華岡船務股份有限公司,臺北市,D,1,1
804,法商法國巴黎銀行股份有限公司台北分公司,臺北市,D,1,1
805,立鼎工程有限公司,臺北市,D,1,1
806,昆言企業股份有限公司,臺北市,D,1,1
807,豪門彩色印刷事業股份有限公司,新竹縣,D,2,1
808,冠德建設股份有限公司,臺北市,D,1,1
809,洋銘科技股份有限公司,新北市,D,1,1
810,尚立股份有限公司,臺北市,D,1,1
811,九連環境開發股份有限公司,臺北市,D,1,1
812,德勝科技股份有限公司,臺北市,D,1,1
813,台灣羅門哈斯電子材料股份有限公司,桃園縣,D,1,1
814,台灣固而美工業股份有限公司,臺北市,D,1,1
815,元利儀器股份有限公司,臺北市,D,1,1
816,博而美國際股份有限公司,臺北市,D,1,1
817,瓊安開發股份有限公司,臺北市,D,1,1
818,振遠科技股份有限公司,臺北市,D,1,1
819,合訊科技股份有限公司,臺北市,D,1,1
820,中菲行航空貨運承攬股份有限公司,臺北市,D,1,1
821,台明賓士汽車股份有限公司,臺北市,D,1,1
822,映畫傳播事業股份有限公司,臺北市,D,1,1
823,立肯企業股份有限公司,新北市,D,1,1
824,倚天資訊股份有限公司,臺北市,D,1,1
825,力登電腦股份有限公司,新北市,D,1,1
826,美商泰瑞達股份有限公司台灣分公司,新竹縣,D,1,1
827,有德機器股份有限公司,臺北市,D,1,1
828,弘訊科技股份有限公司,新北市,D,1,1
829,元茂國際企業股份有限公司,臺北市,D,1,1
830,永豐餘消費品實業股份有限公司,臺北市,D,2,1
831,三阪實業股份有限公司,臺北市,D,1,1
832,華泓國際運輸股份有限公司,臺北市,D,1,1
833,香港商利邦零售有限公司台灣分公司,臺北市,D,1,1
834,凱衛資訊股份有限公司,臺北市,D,1,1
835,雅士晶業股份有限公司,臺北市,D,1,1
836,克瑞格有限公司,臺北市,D,1,1
837,台驊國際股份有限公司,臺北市,D,1,1
838,羅姆半導體股份有限公司,臺北市,D,1,1
839,台灣樂金電器股份有限公司,臺北市,D,2,1
840,駱鈴工程顧問股份有限公司,臺北市,D,1,1
841,明曜百貨股份有限公司,臺北市,D,1,1
842,鬥牛士股份有限公司,臺北市,D,1,1
843,桃美股份有限公司,臺北市,D,1,1
844,美商超微半導體股份有限公司台灣分公司,臺北市,D,3,1
845,蔚華科技股份有限公司,新竹市,D,1,1
846,新鑫股份有限公司,臺北市,D,1,1
847,優味企業股份有限公司,臺北市,D,1,1
848,漁拓企業股份有限公司,臺北市,D,1,1
849,龍邦國際興業股份有限公司,臺中市,D,1,1
850,法商東方匯理銀行股份有限公司台北分公司,臺北市,D,1,1
851,香港商思捷有限公司台灣分公司,臺北市,D,3,1
852,資騰科技股份有限公司,新竹市,D,1,1
853,台灣富士通股份有限公司,臺北市,D,1,1
854,永盛旅行社股份有限公司,臺北市,D,1,1
855,新禾股份有限公司,臺北市,D,2,1
856,全一科技股份有限公司,桃園縣,D,1,1
857,大慶證券股份有限公司,臺北市,D,1,1
858,太平洋證券股份有限公司,臺北市,D,1,1
859,台端興業股份有限公司,新北市,D,1,1
860,強復工業有限公司,桃園縣,D,1,1
861,高橋證券股份有限公司,桃園縣,D,1,1
862,中美強科技股份有限公司,臺中市,D,1,1
863,台灣羅威股份有限公司,臺北市,D,1,1
864,裕利股份有限公司,臺北市,D,4,1
865,技鼎股份有限公司,新竹市,D,1,1
866,樂可皮飾股份有限公司,臺北市,D,1,1
867,台灣歐司朗股份有限公司,臺北市,D,1,1
868,西基電腦動畫股份有限公司,臺北市,D,3,1
869,漢宗股份有限公司,臺中市,D,1,1
870,大華證券股份有限公司,臺北市,D,5,1
871,京華工程顧問股份有限公司,臺北市,D,1,1
872,新加坡商敦豪全球貨運物流股份有限公司台灣分公司,臺北市,D,2,1
873,鴻友科技股份有限公司,新竹縣,D,1,1
874,城企有限公司,臺北市,D,1,1
875,優盛醫學科技股份有限公司,臺北市,D,1,1
876,帆宣系統科技股份有限公司,臺北市,D,7,1
877,台灣喬治傑生股份有限公司,臺北市,D,1,1
878,奧美公共關係顧問股份有限公司,臺北市,D,1,1
879,保聖那管理顧問股份有限公司,臺北市,D,1,1
880,泰新系統科技股份有限公司,臺中市,D,1,1
881,志遠電子股份有限公司,新北市,D,1,1
882,明基三豐醫療器材股份有限公司,臺北市,D,1,1
883,若鐵企業有限公司,臺南市,D,1,1
884,康福旅行社股份有限公司台中分公司,臺中市,D,1,1
885,商之器科技股份有限公司,臺北市,D,1,1
886,永城股份有限公司,臺中市,D,1,1
887,華氣社股份有限公司,臺北市,D,1,1
888,台灣美津濃股份有限公司,臺北市,D,1,1
889,瑩諮科技股份有限公司,臺北市,D,3,1
890,台灣理光股份有限公司,臺北市,D,1,1
891,康福旅行社股份有限公司高雄分公司,高雄市,D,1,1
892,依賞企業有限公司,臺北市,D,1,1
893,福邦證券股份有限公司,臺北市,D,1,1
894,精品科技股份有限公司,新竹市,D,1,1
895,台灣微軟股份有限公司,臺北市,D,3,1
896,新光三越百貨股份有限公司,臺北市,D,3,1
897,上順旅行社股份有限公司,臺北市,D,1,1
898,進階生物科技股份有限公司,新北市,D,1,1
899,力鋼股份有限公司,臺中市,D,1,1
900,崇越科技股份有限公司,臺北市,D,4,1
901,台新綜合證券股份有限公司,臺北市,D,2,1
902,南誠實業股份有限公司,高雄市,D,1,1
903,碁궐資訊股份有限公司,臺北市,D,1,1
904,台灣聯合物流股份有限公司,臺北市,D,1,1
905,郵船通運股份有限公司,臺北市,D,3,1
906,閣林國際圖書有限公司,新北市,D,1,1
907,日電貿股份有限公司,新北市,D,1,1
908,愛德萬測試股份有限公司,新竹縣,D,1,1
909,台灣村田機械股份有限公司,臺北市,D,1,1
910,遠東百貨股份有限公司,臺北市,D,2,1
911,福座開發股份有限公司,臺北市,D,1,1
912,長華塑膠股份有限公司,臺北市,D,1,1
913,台灣源訊科技股份有限公司,臺北市,D,1,1
914,美商蒂芙尼國際股份有限公司台灣分公司,臺北市,D,1,1
915,偉創力股份有限公司,新北市,D,3,1
916,三井資訊股份有限公司,桃園縣,D,2,1
917,先啟資訊系統股份有限公司,臺北市,D,1,1
918,美商惠氏藥廠（亞洲）股份有限公司台灣分公司,新北市,D,1,1
919,天疆實業股份有限公司,臺南市,D,1,1
920,錚鑫機械工程股份有限公司,新竹市,D,1,1
921,遠雄房地產發展股份有限公司,臺北市,D,2,1
922,兆豐國際商業銀行股份有限公司台中分公司,臺中市,D,1,1
923,兆豐國際商業銀行股份有限公司北台中分公司,臺中市,D,1,1
924,弘霖工程檢驗有限公司,高雄市,D,1,1
925,日比有限公司,臺北市,D,1,1
926,彩富電子股份有限公司,臺北市,D,3,1
927,鄉林建設事業股份有限公司,臺中市,D,1,1
928,詠業科技股份有限公司,新竹縣,D,1,1
929,瑪之蜜服飾有限公司,臺北市,D,1,1
930,荷蘭商天遞股份有限公司台灣分公司,臺北市,D,2,1
931,伂橙股份有限公司,新北市,D,1,1
932,五福旅行社股份有限公司台北分公司,臺北市,D,1,1
933,萬泰商業銀行股份有限公司三重分公司,新北市,D,1,1
934,萬泰商業銀行股份有限公司台中分公司,臺中市,D,1,1
935,台灣麥當勞餐廳股份有限公司忠孝東路二分公司,臺北市,D,1,1
936,巴比祿股份有限公司,新北市,D,1,1
937,台一國際股份有限公司,臺北市,D,1,1
938,兄弟象股份有限公司,臺北市,D,1,1
939,美商默沙東藥廠股份有限公司台灣分公司,臺北市,D,3,1
940,敬業企業管理顧問股份有限公司,臺北市,D,2,1
941,利科光學股份有限公司,臺中市,D,1,1
942,台灣寶格麗股份有限公司,臺北市,D,1,1
943,萬泰商業銀行股份有限公司城東分公司,臺北市,D,1,1
944,展碁國際股份有限公司,臺北市,D,2,1
945,建智股份有限公司,臺北市,D,1,1
946,瑪凱電信股份有限公司,新北市,D,1,1
947,星期五股份有限公司,臺北市,D,3,1
948,模里西斯商史伯太科有限公司台灣分公司,臺中市,D,1,1
949,志強興業股份有限公司,臺中市,D,1,1
950,佑華微電子股份有限公司,新竹市,D,1,1
951,華南永昌證券投資信託股份有限公司,臺北市,D,1,1
952,第一美卡事業股份有限公司,桃園縣,D,3,1
953,荃瑞企業股份有限公司,臺北市,D,1,1
954,中華僑泰物流股份有限公司,桃園縣,D,2,1
955,台灣麥當勞餐廳股份有限公司淡水中正東路分公司,新北市,D,1,1
956,台灣麥當勞餐廳股份有限公司天母分公司,臺北市,D,1,1
957,台灣麥當勞餐廳股份有限公司館前路分公司,臺北市,D,1,1
958,台灣麥當勞餐廳股份有限公司台北士林分公司,臺北市,D,1,1
959,台灣麥當勞餐廳股份有限公司林囗長庚門市部,桃園縣,D,1,1
960,台灣麥當勞餐廳股份有限公司板橋重慶分公司,新北市,D,1,1
961,台灣麥當勞餐廳股份有限公司新莊中正路分公司,新北市,D,1,1
962,台灣麥當勞餐廳股份有限公司新生南路分公司,臺北市,D,1,1
963,香港商愛馬仕亞太區有限公司台灣分公司,臺北市,D,1,1
964,日商三菱東京日聯銀行股份有限公司台北分公司,臺北市,D,1,1
965,大輪機械工程股份有限公司,臺北市,D,1,1
966,台灣麥當勞餐廳股份有限公司台中福星路分公司,臺中市,D,1,1
967,台灣麥當勞餐廳股份有限公司台中復興路分公司,臺中市,D,1,1
968,台灣麥當勞餐廳股份有限公司台中崇德路分公司,臺中市,D,1,1
969,台聯工程顧問股份有限公司,臺北市,D,1,1
970,哲固資訊科技股份有限公司,桃園縣,D,1,1
971,鋐錕實業股份有限公司,高雄市,D,1,1
972,捷雅工程有限公司,臺中市,D,1,1
973,娃娃城股份有限公司,臺北市,D,1,1
974,銘德汽車有限公司,新北市,D,1,1
975,碁達科技股份有限公司,新北市,D,1,1
976,全譜科技股份有限公司,新北市,D,1,1
977,僑威科技股份有限公司,桃園縣,D,1,1
978,協展人力仲介股份有限公司,臺北市,D,1,1
979,斐成企業股份有限公司,高雄市,D,1,1
980,台灣銀谷有限公司,臺北市,D,1,1
981,摩奇創意股份有限公司,臺北市,D,1,1
982,文曄科技股份有限公司,新北市,D,5,1
983,艾思妮國際股份有限公司,彰化縣,D,6,1
984,集優企業股份有限公司,臺中市,D,1,1
985,林莉國際股份有限公司,臺北市,D,1,1
986,中國遠洋企業股份有限公司,臺北市,D,1,1
987,國寶服務股份有限公司,新北市,D,2,1
988,參數科技股份有限公司,臺北市,D,1,1
989,華電聯網股份有限公司,新北市,D,2,1
990,碟王科技開發股份有限公司,臺中市,D,1,1
991,亞源科技股份有限公司,桃園縣,D,1,1
992,高達汽車股份有限公司,臺中市,D,1,1
993,台灣人壽保險股份有限公司高雄分公司,高雄市,D,7,1
994,博訊科技股份有限公司,臺北市,D,1,1
995,美商國家儀器股份有限公司台灣分公司,臺北市,D,1,1
996,光林電子股份有限公司,桃園縣,D,1,1
997,華擎機械工業股份有限公司,桃園縣,D,1,1
998,鈺德科技股份有限公司,桃園縣,D,4,1
999,鴻群工程有限公司,高雄市,D,1,1
1000,倍騰國際股份有限公司,臺北市,D,1,1
1001,富聯工程顧問股份有限公司,臺北市,D,1,1
1002,大中票券金融股份有限公司,臺北市,D,1,1
1003,仲博科技股份有限公司,桃園縣,D,1,1
1004,蘭州工程股份有限公司,高雄市,D,1,1
1005,美商富國銀行股份有限公司台北分公司,臺北市,D,1,1
1006,台灣贏創股份有限公司,臺北市,D,1,1
1007,台灣諾基亞股份有限公司,臺北市,D,1,1
1008,彼恩齊工業有限公司,新北市,D,1,1
1009,泰安產物保險股份有限公司桃園分公司,桃園縣,D,1,1
1010,保羅來富國際有限公司,新北市,D,1,1
1011,美商瓦里安股份有限公司台灣分公司,新竹縣,D,1,1
1012,金仕達國際開發有限公司,臺北市,D,1,1
1013,英屬維京群島商長江馬獅龍企業有限公司台灣分公司,臺北市,D,1,1
1014,台灣尼康精機股份有限公司,新竹縣,D,2,1
1015,豪紳纖維科技股份有限公司,臺北市,D,1,1
1016,鼎美股份有限公司,臺北市,D,1,1
1017,商船三井股份有限公司,臺北市,D,1,1
1018,鎮金店股份有限公司,臺北市,D,1,1
1019,志函電子科技股份有限公司,高雄市,D,1,1
1020,英商英美菸草商務股份有限公司台灣分公司,臺北市,D,1,1
1021,弘憶國際股份有限公司,臺北市,D,1,1
1022,美商鳳凰科技資訊股份有限公司台灣分公司,臺北市,D,1,1
1023,鈞賀企業股份有限公司,新竹市,D,1,1
1024,美商賀寶芙股份有限公司台灣分公司,臺北市,D,1,1
1025,大慶票券金融股份有限公司,臺北市,D,1,1
1026,台灣麥當勞餐廳股份有限公司台北民權分公司,臺北市,D,1,1
1027,恆隆行貿易股份有限公司,臺北市,D,1,1
1028,璿豐汽車股份有限公司,桃園縣,D,1,1
1029,中義科技機械股份有限公司,臺中市,D,1,1
1030,登峰國際股份有限公司,臺北市,D,1,1
1031,台灣麥當勞餐廳股份有限公司台北民權Ⅱ分公司,臺北市,D,1,1
1032,新加坡商賽普拉斯半導體股份有限公司台灣分公司,臺北市,D,1,1
1033,豐嘉國際股份有限公司,臺北市,D,1,1
1034,柏登國際股份有限公司,臺南市,D,1,1
1035,諾司實業股份有限公司,臺北市,D,1,1
1036,暄達實業股份有限公司,桃園縣,D,1,1
1037,和淞科技股份有限公司,新竹縣,D,1,1
1038,北達汽車股份有限公司,臺北市,D,2,1
1039,凱基期貨股份有限公司,臺北市,D,2,1
1040,台灣鋼聯股份有限公司,彰化縣,D,1,1
1041,雲門國際事業股份有限公司,臺北市,D,2,1
1042,新台旅行社股份有限公司,臺北市,D,2,1
1043,台灣麥當勞餐廳股份有限公司台南西門Ⅱ分公司,臺南市,D,1,1
1044,力垣企業股份有限公司,新北市,D,1,1
1045,台灣麥當勞餐廳股份有限公司新竹中正分公司,新竹市,D,1,1
1046,高軒企業股份有限公司,高雄市,D,1,1
1047,台灣伊奈股份有限公司,新竹縣,D,1,1
1048,聚興科技股份有限公司,臺北市,D,1,1
1049,遠昇科技股份有限公司,新北市,D,1,1
1050,佳生科技顧問股份有限公司,臺北市,D,1,1
1051,思愛普軟體系統股份有限公司,臺北市,D,1,1
1052,佳能半導體設備股份有限公司,臺北市,D,2,1
1053,多聯科技股份有限公司,臺北市,D,1,1
1054,台灣麥當勞餐廳股份有限公司土城金城分公司,新北市,D,1,1
1055,中天電視股份有限公司,臺北市,D,8,1
1056,凱旋旅行社股份有限公司,臺北市,D,1,1
1057,台灣思科系統股份有限公司,臺北市,D,1,1
1058,台灣三洋捷能國際股份有限公司,臺北市,D,1,1
1059,商杰股份有限公司,新北市,D,1,1
1060,展達通訊股份有限公司,新北市,D,1,1
1061,長德有線電視股份有限公司,臺北市,D,1,1
1062,威聯企業股份有限公司,臺北市,D,1,1
1063,台灣麥當勞餐廳股份有限公司新店安康分公司,新北市,D,1,1
1064,台灣麥當勞餐廳股份有限公司高雄楠梓分公司,高雄市,D,1,1
1065,大塚資訊科技股份有限公司,新北市,D,1,1
1066,美商美光亞太科技股份有限公司台灣分公司,臺北市,D,1,1
1067,永豐金租賃股份有限公司,臺北市,D,1,1
1068,麗冠有線電視股份有限公司,臺北市,D,1,1
1069,台灣麥當勞餐廳股份有限公司大里國光分公司,臺中市,D,1,1
1070,台灣麥當勞餐廳股份有限公司中和興南分公司,新北市,D,1,1
1071,華鎂鑫科技股份有限公司,新北市,D,1,1
1072,法商法國巴黎人壽保險股份有限公司台灣分公司,臺北市,D,2,1
1073,台灣麥當勞餐廳股份有限公司新竹南大分公司,新竹市,D,1,1
1074,嘉誠資訊股份有限公司,臺北市,D,1,1
1075,藝珂人事顧問股份有限公司高雄分公司,高雄市,D,4,1
1076,擎亞國際科技股份有限公司,臺北市,D,1,1
1077,宇瞻科技股份有限公司,桃園縣,D,4,1
1078,宏利證券投資信託股份有限公司,臺北市,D,1,1
1079,凌巨科技股份有限公司,苗栗縣,D,13,1
1080,鴻明船舶貨物裝卸承攬股份有限公司,高雄市,D,1,1
1081,亞藝國際股份有限公司,臺北市,D,2,1
1082,台灣麥當勞餐廳股份有限公司台北西園Ⅱ分公司,臺北市,D,1,1
1083,矽魁科技股份有限公司,新北市,D,2,1
1084,威秀影城股份有限公司,臺北市,D,1,1
1085,宏瑞制程工業股份有限公司,臺北市,D,1,1
1086,泰衍企業有限公司,雲林縣,D,1,1
1087,荷蘭商海尼根股份有限公司台灣分公司,臺北市,D,1,1
1088,立翌企業有限公司,新竹市,D,1,1
1089,台灣麥當勞餐廳股份有限公司台中永福分公司,臺中市,D,1,1
1090,波若威科技股份有限公司,新竹縣,D,1,1
1091,歐力士小客車租賃股份有限公司,臺北市,D,1,1
1092,首阜企業管理顧問股份有限公司,臺北市,D,3,1
1093,迅杰科技股份有限公司,新竹市,D,1,1
1094,台灣費森尤斯醫藥股份有限公司,臺北市,D,1,1
1095,高雄漢王洲際飯店有限公司,高雄市,D,1,1
1096,台灣麥當勞餐廳股份有限公司淡水中山分公司,新北市,D,1,1
1097,時藝多媒體傳播股份有限公司,臺北市,D,1,1
1098,程炬企業有限公司,新北市,D,1,1
1099,一銀租賃股份有限公司,臺北市,D,1,1
1100,遠銀國際租賃股份有限公司,臺北市,D,1,1
1101,台灣麥當勞餐廳股份有限公司八德桃鶯分公司,桃園縣,D,1,1
1102,歡影城股份有限公司,桃園縣,D,1,1
1103,台灣泰科醫藥股份有限公司,臺北市,D,1,1
1104,康聯訊科技股份有限公司,臺北市,D,1,1
1105,右達汽車股份有限公司,高雄市,D,1,1
1106,荷蘭商益華國際電腦科技股份有限公司台灣分公司,臺北市,D,1,1
1107,巨研科技股份有限公司,高雄市,D,1,1
1108,國泰證券投資信託股份有限公司,臺北市,D,2,1
1109,長榮國際機電股份有限公司,桃園縣,D,1,1
1110,英屬維京群島商台灣威高時裝有限公司台灣分公司,臺北市,D,1,1
1111,昇曜國際股份有限公司,臺北市,D,1,1
1112,嘉冠自行車股份有限公司,臺中市,D,1,1
1113,華圓管理顧問股份有限公司,新竹市,D,1,1
1114,台灣麥當勞餐廳股份有限公司台南中華二分公司,臺南市,D,1,1
1115,台灣麥當勞餐廳股份有限公司高雄瑞隆分公司,高雄市,D,1,1
1116,台灣麥當勞餐廳股份有限公司台北承德Ⅱ分公司,臺北市,D,1,1
1117,朋程科技股份有限公司,桃園縣,D,4,1
1118,中普氣體材料股份有限公司,苗栗縣,D,1,1
1119,台灣麥當勞餐廳股份有限公司大雅中清南分公司,臺中市,D,1,1
1120,聯維有線電視股份有限公司,臺北市,D,1,1
1121,百瑞精鼎國際股份有限公司,臺北市,D,3,1
1122,台灣麥當勞餐廳股份有限公司屏東民生分公司,屏東縣,D,1,1
1123,全國電子股份有限公司桃園縣第二十分公司,桃園縣,D,2,1
1124,德盛安聯證券投資信託股份有限公司,臺北市,D,2,1
1125,台灣褲子大王百貨股份有限公司,高雄市,D,1,1
1126,功學社樂器股份有限公司,臺北市,D,1,1
1127,就業情報資訊股份有限公司,臺北市,D,5,1
1128,瑞士商菲利普莫里斯股份有限公司台灣分公司,臺北市,D,1,1
1129,台灣類比科技股份有限公司,新竹市,D,1,1
1130,和運租車股份有限公司,臺北市,D,3,1
1131,台灣麥當勞餐廳股份有限公司嘉義北港分公司,嘉義市,D,1,1
1132,禹臣實業股份有限公司,新竹市,D,1,1
1133,廣寰科技股份有限公司,新北市,D,1,1
1134,媒體庫傳播股份有限公司,臺北市,D,1,1
1135,聚積科技股份有限公司,新竹市,D,1,1
1136,溫德德式烘焙餐館股份有限公司,臺北市,D,1,1
1137,樺漢科技股份有限公司,新北市,D,1,1
1138,環真科技股份有限公司,新竹縣,D,1,1
1139,凹凸電子股份有限公司,臺北市,D,1,1
1140,佶鼎科技股份有限公司,桃園縣,D,1,1
1141,肯霖國際股份有限公司,臺北市,D,1,1
1142,台灣麥當勞餐廳股份有限公司岡山中山分公司,高雄市,D,1,1
1143,維新公寓大廈管理維護股份有限公司,臺中市,D,1,1
1144,方略廣告股份有限公司,臺北市,D,1,1
1145,長江華業股份有限公司,臺北市,D,1,1
1146,台灣捷恩智股份有限公司,臺南市,D,1,1
1147,立光科技國際股份有限公司,臺北市,D,1,1
1148,拓霖企業股份有限公司,臺北市,D,1,1
1149,臺灣艾斯敦股份有限公司,臺北市,D,1,1
1150,太平洋崇光百貨股份有限公司新竹分公司,新竹市,D,3,1
1151,先進科材股份有限公司,新竹市,D,1,1
1152,台灣麥當勞餐廳股份有限公司新豐新興分公司,新竹縣,D,1,1
1153,華碩聯合科技股份有限公司,臺北市,D,4,1
1154,茂為歐買尬數位科技股份有限公司,臺北市,D,2,1
1155,研騰科技股份有限公司,新北市,D,3,1
1156,台灣東方海外股份有限公司,臺北市,D,1,1
1157,台灣賽門鐵克股份有限公司,臺北市,D,1,1
1158,銀河互動網路股份有限公司,臺北市,D,1,1
1159,集凱科技股份有限公司,新北市,D,1,1
1160,好好國際物流股份有限公司,臺北市,D,1,1
1161,世洋科技股份有限公司,臺北市,D,1,1
1162,易飛網科技股份有限公司,臺北市,D,1,1
1163,啟旭彩色印刷有限公司,新北市,D,1,1
1164,集康國際股份有限公司,新北市,D,1,1
1165,橘點子股份有限公司,臺北市,D,1,1
1166,裕民汽車股份有限公司,臺中市,D,3,1
1167,中菱公寓大廈管理維護股份有限公司,臺北市,D,1,1
1168,台灣高通創銳訊科技股份有限公司,新竹市,D,1,1
1169,統一數網股份有限公司,臺北市,D,1,1
1170,中冠資訊股份有限公司,高雄市,D,3,1
1171,長鴻電子股份有限公司,桃園縣,D,1,1
1172,傳世通訊科技股份有限公司,新竹縣,D,1,1
1173,康迅數位整合股份有限公司,臺北市,D,2,1
1174,天空傳媒股份有限公司,臺北市,D,1,1
1175,台灣星科金朋半導體股份有限公司,新竹縣,D,5,1
1176,靖旺科技股份有限公司,新北市,D,1,1
1177,日商清水營造工程股份有限公司台灣分公司,臺北市,D,1,1
1178,藍新科技股份有限公司,臺北市,D,1,1
1179,神坊資訊股份有限公司,臺北市,D,1,1
1180,曜越科技股份有限公司,臺北市,D,1,1
1181,甯翔科技股份有限公司,臺北市,D,1,1
1182,多田企業有限公司,臺北市,D,1,1
1183,宏訊電子科技股份有限公司,新北市,D,1,1
1184,大猩猩科技股份有限公司,臺北市,D,1,1
1185,香草集股份有限公司,臺北市,D,1,1
1186,勝典科技股份有限公司,高雄市,D,1,1
1187,台灣麥當勞餐廳股份有限公司中壢環中東分公司,桃園縣,D,1,1
1188,台灣日電產理德股份有限公司,臺北市,D,1,1
1189,玉山綜合證券股份有限公司,臺北市,D,1,1
1190,雅倫家飾股份有限公司,新北市,D,1,1
1191,德之傑科技股份有限公司,臺北市,D,1,1
1192,台灣麥當勞餐廳股份有限公司台中文心五分公司,臺中市,D,1,1
1193,力旺電子股份有限公司,新竹市,D,1,1
1194,童心服飾股份有限公司,新北市,D,2,1
1195,飛康國際網路科技股份有限公司,臺中市,D,1,1
1196,新光三越百貨股份有限公司新竹中華分公司,新竹市,D,1,1
1197,台灣築地魚金股份有限公司,臺北市,D,1,1
1198,品積股份有限公司,新北市,D,1,1
1199,亞普達國際電子商務股份有限公司,臺北市,D,1,1
1200,德翔船務代理股份有限公司,臺北市,D,1,1
1201,台灣黃帽汽車百貨股份有限公司,臺北市,D,1,1
1202,美食家食材通路股份有限公司,臺南市,D,1,1
1203,聯合通商電子商務股份有限公司,臺北市,D,1,1
1204,普利司通輪胎販賣股份有限公司,新北市,D,1,1
1205,國延股份有限公司,桃園縣,D,1,1
1206,網訊電通股份有限公司,臺北市,D,6,1
1207,雲義科技股份有限公司,臺北市,D,1,1
1208,台灣東芝國際採購股份有限公司,臺北市,D,1,1
1209,三商美福家具股份有限公司,臺北市,D,1,1
1210,台灣麥當勞餐廳股份有限公司林口復興分公司,桃園縣,D,1,1
1211,星橋電影有限公司,臺北市,D,1,1
1212,世界宏景科技股份有限公司,新竹縣,D,1,1
1213,生寶生物科技股份有限公司,臺北市,D,2,1
1214,奇美通訊股份有限公司,新北市,D,1,1
1215,台灣芳珂股份有限公司,臺北市,D,1,1
1216,虹晶科技股份有限公司,新竹市,D,1,1
1217,台灣捷邁醫療器材股份有限公司,臺北市,D,1,1
1218,徠通科技股份有限公司,臺中市,D,1,1
1219,長榮國際股份有限公司台北分公司,臺北市,D,1,1
1220,嘉祥人力資源管理顧問有限公司,臺北市,D,2,1
1221,瓦城泰統股份有限公司永和分公司,新北市,D,1,1
1222,翰林國際企業股份有限公司,臺南市,D,1,1
1223,台灣麥當勞餐廳股份有限公司屏東自由分公司,屏東縣,D,1,1
1224,智崴資訊科技股份有限公司,高雄市,D,1,1
1225,華頓證券投資信託股份有限公司,臺北市,D,1,1
1226,香港商酩悅軒尼詩有限公司台灣分公司,臺北市,D,1,1
1227,台灣東洋彩光股份有限公司,臺南市,D,1,1
1228,富達證券股份有限公司,臺北市,D,1,1
1229,中台資源科技股份有限公司,臺北市,D,1,1
1230,利匯科技股份有限公司,臺中市,D,1,1
1231,華南金融控股股份有限公司,臺北市,D,1,1
1232,兆辰育樂事業有限公司,臺北市,D,1,1
1233,威尼斯影城股份有限公司,桃園縣,D,1,1
1234,亞諾法生技股份有限公司,臺北市,D,2,1
1235,元大金融控股股份有限公司,臺北市,D,1,1
1236,瑞展科技股份有限公司,新竹市,D,1,1
1237,國賓影城股份有限公司微風分公司,臺北市,D,1,1
1238,奔騰物流系統股份有限公司,桃園縣,D,1,1
1239,韓華國際有限公司,臺北市,D,1,1
1240,動力安全資訊股份有限公司,臺北市,D,1,1
1241,祥瀧股份有限公司,臺北市,D,1,1
1242,東京牛角股份有限公司,臺北市,D,1,1
1243,國鼎生物科技股份有限公司,新北市,D,1,1
1244,通嘉科技股份有限公司,新竹市,D,1,1
1245,八貫企業股份有限公司,宜蘭縣,D,1,1
1246,伯祥國際股份有限公司,臺北市,D,1,1
1247,標準科技股份有限公司,新竹市,D,1,1
1248,名喬人才服務股份有限公司,新竹市,D,5,1
1249,宜揚科技股份有限公司,新竹縣,D,1,1
1250,台灣先進捷通股份有限公司,屏東縣,D,1,1
1251,燦星國際旅行社股份有限公司,臺北市,D,5,1
1252,東星汽車貿易有限公司,桃園縣,D,2,1
1253,宏陽科技股份有限公司,新竹市,D,1,1
1254,波茵特股份有限公司,臺北市,D,1,1
1255,廣和坐月子生技股份有限公司,臺北市,D,1,1
1256,準程國際股份有限公司,臺中市,D,1,1
1257,東元資融股份有限公司,新北市,D,1,1
1258,新加坡商博通亞洲股份有限公司台灣分公司,臺北市,D,1,1
1259,世騰電子科技股份有限公司,臺北市,D,1,1
1260,瓦城泰統股份有限公司信義分公司,臺北市,D,1,1
1261,一零四人力資源顧問股份有限公司,臺北市,D,23,1
1262,弘雅國際有限公司,臺北市,D,1,1
1263,凱信國際行銷有限公司,臺北市,D,1,1
1264,台灣三得利股份有限公司,臺北市,D,1,1
1265,台灣麥當勞餐廳股份有限公司高雄新大勇分公司,高雄市,D,1,1
1266,香港商輝達香港控股有限公司台灣分公司,臺北市,D,1,1
1267,達飛通運有限公司,臺北市,D,1,1
1268,中華開發金融控股股份有限公司,臺北市,D,1,1
1269,遠通電收股份有限公司,臺北市,D,3,1
1270,台灣富士通科技服務股份有限公司,臺北市,D,1,1
1271,維格餅家股份有限公司,臺北市,D,2,1
1272,新加坡商德碩國際管理顧問股份有限公司台灣分公司,臺北市,D,2,1
1273,吉恩立數位科技股份有限公司,新北市,D,1,1
1274,耀群科技股份有限公司,新竹縣,D,1,1
1275,三迪光電股份有限公司,新北市,D,1,1
1276,阿瘦實業股份有限公司,臺北市,D,11,1
1277,邁智電腦股份有限公司,臺北市,D,1,1
1278,台灣英特科人力股份有限公司,臺中市,D,4,1
1279,台灣富莉股份有限公司,臺北市,D,1,1
1280,台灣新蛋股份有限公司,臺北市,D,1,1
1281,裕隆日產汽車股份有限公司,苗栗縣,D,4,1
1282,亞梭傢俬國際有限公司,臺北市,D,1,1
1283,力積電子股份有限公司,新竹市,D,1,1
1284,國泰世華商業銀行股份有限公司館前分公司,臺北市,D,1,1
1285,福城有限公司,臺北市,D,1,1
1286,百辰光電股份有限公司,臺北市,D,1,1
1287,卡蒂雅股份有限公司,新北市,D,1,1
1288,六角國際事業股份有限公司,新竹縣,D,1,1
1289,蜜桃有限公司,臺北市,D,1,1
1290,美商美科發股份有限公司台灣分公司,桃園縣,D,2,1
1291,泳翔食品股份有限公司,新竹縣,D,1,1
1292,玉山保險經紀人股份有限公司,臺北市,D,1,1
1293,麥迪生國際股份有限公司,臺北市,D,1,1
1294,嵥傑國際有限公司,臺北市,D,1,1
1295,台灣英飛凌科技股份有限公司,臺北市,D,1,1
1296,台灣客奇股份有限公司,臺北市,D,1,1
1297,泰和碩藥品科技股份有限公司,臺北市,D,1,1
1298,正翰科技股份有限公司,臺北市,D,1,1
1299,亦立科技有限公司,新竹縣,D,1,1
1300,捷創科技股份有限公司,新竹市,D,1,1
1301,建泓科技實業股份有限公司,臺北市,D,1,1
1302,日翊文化行銷股份有限公司,桃園縣,D,1,1
1303,安霸股份有限公司,新竹市,D,2,1
1304,和緣餐飲有限公司,臺中市,D,2,1
1305,佳山保全股份有限公司,新竹縣,D,1,1
1306,高博士國際有限公司,臺北市,D,1,1
1307,香港商新思國際科技有限公司台灣分公司,臺北市,D,1,1
1308,永美科技材料股份有限公司,新北市,D,1,1
1309,美麗華娛樂股份有限公司,臺北市,D,1,1
1310,宜聖科技股份有限公司,臺北市,D,1,1
1311,佰分貳有限公司,臺北市,D,1,1
1312,鼎鼎聯合行銷股份有限公司,臺北市,D,1,1
1313,富昱國際企業股份有限公司,臺中市,D,1,1
1314,金王子有限公司,高雄市,D,1,1
1315,欣榮物流股份有限公司,臺北市,D,1,1
1316,震怡股份有限公司,臺北市,D,1,1
1317,數聯資安股份有限公司,臺北市,D,1,1
1318,瑞基海洋生物科技股份有限公司,臺中市,D,1,1
1319,觀示苑股份有限公司,臺北市,D,1,1
1320,荷蘭商柏蒂溫妮達亞太貿易股份有限公司台灣分公司,臺北市,D,1,1
1321,台灣華爾納股份有限公司,臺北市,D,1,1
1322,世芯電子股份有限公司,新竹市,D,1,1
1323,彩虹先進股份有限公司,臺北市,D,1,1
1324,好市多股份有限公司中和分公司,新北市,D,4,1
1325,橙的電子股份有限公司,臺中市,D,1,1
1326,香港商毅高皮鞋有限公司台灣分公司,臺北市,D,1,1
1327,樂利士實業股份有限公司,高雄市,D,1,1
1328,湧德電子股份有限公司,桃園縣,D,1,1
1329,保德成有限公司,臺北市,D,1,1
1330,裕富餐飲股份有限公司,臺中市,D,1,1
1331,高通通訊科技有限公司,臺北市,D,1,1
1332,德傑股份有限公司,臺中市,D,1,1
1333,亞瑟萊特科技股份有限公司,新竹縣,D,1,1
1334,惇聚國際股份有限公司,臺北市,D,1,1
1335,胖蜥蜴電腦有限公司,臺北市,D,1,1
1336,高見文化行銷股份有限公司,臺北市,D,1,1
1337,信榮海陸運輸股份有限公司,臺北市,D,1,1
1338,果田國際股份有限公司,臺北市,D,1,1
1339,英屬百慕達商中泰人壽保險股份有限公司台灣分公司,臺北市,D,1,1
1340,美商亞太數位潮流科技有限公司台灣分公司,臺北市,D,1,1
1341,通騰科技股份有限公司,臺北市,D,1,1
1342,汎銓科技股份有限公司,新竹市,D,1,1
1343,城企國際有限公司,新北市,D,1,1
1344,英屬維京群島商永德福汽車股份有限公司台灣分公司,臺北市,D,1,1
1345,全真概念健康事業股份有限公司,臺北市,D,2,1
1346,王品餐飲股份有限公司夏慕尼台北光復北分公司,臺北市,D,1,1
1347,海欣國際有限公司,臺北市,D,1,1
1348,明訊資訊有限公司,臺北市,D,1,1
1349,弘凱光電股份有限公司,桃園縣,D,1,1
1350,笙科電子股份有限公司,新竹市,D,1,1
1351,台固媒體股份有限公司,臺北市,D,1,1
1352,金儀股份有限公司台北五分公司,臺北市,D,2,1
1353,新譽管理有限公司,桃園縣,D,1,1
1354,大聯大投資控股股份有限公司,臺北市,D,1,1
1355,吉比鮮釀股份有限公司,臺北市,D,1,1
1356,荷蘭商伊麗莎白雅頓有限公司台灣分公司,臺北市,D,1,1
1357,晶焱科技股份有限公司,新北市,D,1,1
1358,英屬維京群島商輝達維京股份有限公司台灣分公司,臺北市,D,2,1
1359,皇廚餐飲股份有限公司,臺北市,D,1,1
1360,訊崴技術有限公司,臺北市,D,1,1
1361,中國信託商業銀行股份有限公司北桃園分公司,桃園縣,D,1,1
1362,美商科高國際有限公司台灣分公司,臺北市,D,1,1
1363,鉅瞻科技股份有限公司,臺北市,D,1,1
1364,香港商利豐品牌代理股份有限公司台灣分公司,臺北市,D,1,1
1365,中棪管理顧問股份有限公司,臺北市,D,1,1
1366,互動寬頻科技股份有限公司,新竹縣,D,1,1
1367,新加坡商惠瑞捷股份有限公司台灣分公司,桃園縣,D,1,1
1368,香港商世界健身事業有限公司台灣分公司,臺中市,D,1,1
1369,露天市集國際資訊股份有限公司,臺北市,D,1,1
1370,宏道科技股份有限公司,桃園縣,D,1,1
1371,英屬維京群島商安卓有限公司台灣分公司,臺北市,D,1,1
1372,紅心辣椒娛樂科技股份有限公司,臺北市,D,1,1
1373,美商飢餓鯊科技開創股份有限公司台灣分公司,桃園縣,D,3,1
1374,奇異島股份有限公司,臺北市,D,1,1
1375,盟智科技股份有限公司,桃園縣,D,1,1
1376,孚伸實業有限公司,臺北市,D,1,1
1377,百福林企業股份有限公司,桃園縣,D,1,1
1378,樂為數位科技股份有限公司,臺北市,D,1,1
1379,優力國際安全認證有限公司,臺北市,D,5,1
1380,日月行館開發事業股份有限公司,臺中市,D,1,1
1381,統仁實業股份有限公司,臺南市,D,1,1
1382,宜得利家居股份有限公司,臺北市,D,2,1
1383,欣葉國際餐飲股份有限公司１０１分公司,臺北市,D,1,1
1384,台灣豪威科技有限公司,新竹市,D,1,1
1385,王品餐飲股份有限公司夏慕尼台中中港分公司,臺中市,D,1,1
1386,微風股份有限公司,臺北市,D,1,1
1387,果舖創意股份有限公司,新北市,D,1,1
1388,琦玉汽車國際貿易有限公司,臺中市,D,1,1
1389,晶實科技股份有限公司,臺北市,D,2,1
1390,英屬維京群島商智邁有限公司台灣分公司,臺北市,D,1,1
1391,瑞祺電通股份有限公司,新北市,D,1,1
1392,映相科技股份有限公司,臺中市,D,1,1
1393,恆景科技股份有限公司,臺南市,D,1,1
1394,東亞證券股份有限公司,臺北市,D,1,1
1395,應宏國際股份有限公司,臺北市,D,1,1
1396,宥鑫通信行,臺中市,D,1,1
1397,兆點科技有限公司,新北市,D,1,1
1398,迪詩股份有限公司,臺北市,D,1,1
1399,迪思科高科技股份有限公司,新北市,D,1,1
1400,曜凌光電股份有限公司,臺中市,D,1,1
1401,台灣蜜珂國際有限公司,臺北市,D,2,1
1402,長華電材股份有限公司台北分公司,臺北市,D,1,1
1403,香港商立德國際商品試驗有限公司桃園分公司,桃園縣,D,3,1
1404,邦保羅股份有限公司,臺北市,D,1,1
1405,福容大飯店股份有限公司桃園分公司,桃園縣,D,1,1
1406,香港商壹傳媒動畫有限公司台灣分公司,臺北市,D,4,1
1407,悅禾生活事業股份有限公司,臺北市,D,1,1
1408,台灣日立亞太股份有限公司,臺北市,D,1,1
1409,福容大飯店股份有限公司台北分公司,臺北市,D,1,1
1410,美商高通國際股份有限公司台灣分公司,臺北市,D,1,1
1411,寵物王國有限公司,高雄市,D,1,1
1412,智樂堂網路股份有限公司,高雄市,D,1,1
1413,搏盟科技股份有限公司,臺北市,D,1,1
1414,新加坡商先創亞洲光電科技有限公司台灣分公司,桃園縣,D,1,1
1415,香港商希思黎化妝品有限公司台灣分公司,臺北市,D,2,1
1416,聖島智產股份有限公司,臺北市,D,2,1
1417,新加坡商阿里巴巴電子商務股份有限公司台灣分公司,臺北市,D,1,1
1418,彼立恩國際行銷顧問有限公司,臺北市,D,1,1
1419,銀燦科技股份有限公司,新竹縣,D,1,1
1420,똕元亞洲有限公司,桃園縣,D,1,1
1421,崇神開發實業股份有限公司高雄分公司,高雄市,D,2,1
1422,震欣股份有限公司,臺北市,D,1,1
1423,群輝康健科技股份有限公司,臺北市,D,1,1
1424,納智捷汽車股份有限公司,苗栗縣,D,1,1
1425,貝里斯商倍利國際有限公司臺灣分公司,臺北市,D,1,1
1426,王品餐飲股份有限公司夏慕尼桃園大興分公司,桃園縣,D,1,1
1427,飛利浦建興數位科技股份有限公司園區分公司,新竹市,D,2,1
1428,銳耳創作股份有限公司,臺北市,D,1,1
1429,歐肯得股份有限公司,臺中市,D,1,1
1430,三商朝日股份有限公司,臺北市,D,2,1
1431,新地國際精品行,臺北市,D,1,1
1432,台灣創先電子有限公司,臺北市,D,1,1
1433,展觸光電科技股份有限公司,桃園縣,D,1,1
1434,康太數位整合股份有限公司,臺北市,D,1,1
1435,小蒙牛餐飲有限公司,臺北市,D,1,1
1436,台北合迪汽車有限公司,臺北市,D,1,1
1437,欣弘事業股份有限公司,高雄市,D,1,1
1438,紅門數位科技股份有限公司,新北市,D,1,1
1439,吸引力生活事業股份有限公司,臺北市,D,1,1
1440,三澧企業股份有限公司華納分公司,臺北市,D,1,1
1441,森信息股份有限公司,臺北市,D,1,1
1442,台新金保險經紀人股份有限公司,臺北市,D,1,1
1443,義大皇家酒店股份有限公司,高雄市,D,5,1
1444,啟迪科技股份有限公司,新竹市,D,1,1
1445,布櫑食品股份有限公司,臺中市,D,1,1
1446,大同聯合科技股份有限公司,臺北市,D,1,1
1447,北智捷汽車股份有限公司,新北市,D,3,1
1448,福容大飯店股份有限公司三鶯分公司,新北市,D,1,1
1449,福容大飯店股份有限公司林口分公司,桃園縣,D,1,1
1450,木星光電股份有限公司,新竹縣,D,1,1
1451,鴻立鋼鐵股份有限公司,高雄市,D,2,1
1452,愛爾蘭商金士頓國際科技股份有限公司台灣分公司,新竹縣,D,1,1
1453,鋐寶科技股份有限公司,臺北市,D,1,1
1454,傑森全球整合行銷股份有限公司,臺北市,D,1,1
1455,富旺國際開發股份有限公司台北分公司,臺北市,D,1,1
1456,大樹國際文化企業股份有限公司,臺北市,D,1,1
1457,威秀影城股份有限公司京站分公司,臺北市,D,1,1
1458,百慕達商高通創銳訊股份有限公司台灣分公司,臺北市,D,1,1
1459,艾望數位互動娛樂股份有限公司,臺北市,D,1,1
1460,台灣愛捷是股份有限公司,新北市,D,1,1
1461,福容大飯店股份有限公司深坑分公司,新北市,D,1,1
1462,和春物業管理顧問有限公司,高雄市,D,1,1
1463,美商斯貝特自行車股份有限公司台灣分公司,臺中市,D,1,1
1464,新聯昌廣告股份有限公司,臺北市,D,1,1
1465,新聯祥廣告股份有限公司,臺北市,D,1,1
1466,台灣競舞娛樂有限公司,臺北市,D,1,1
1467,第一商業銀行信託處,臺北市,D,1,1
1468,國元影業股份有限公司,臺北市,D,1,1
1469,澳商澳盛銀行集團股份有限公司台北分公司,臺北市,D,15,1
1470,兆富財富管理顧問股份有限公司,臺北市,D,1,1
1471,井上燒鍋店,臺中市,D,1,1
1472,壹多媒體娛樂服務股份有限公司,臺北市,D,3,1
1473,清流人力資源有限公司,新北市,D,1,1
1474,伊克國際股份有限公司南西分公司,臺北市,D,1,1
1475,智上科技股份有限公司,新竹市,D,1,1
1476,艾貝企業股份有限公司,臺北市,D,1,1
1477,東生華製藥股份有限公司,臺北市,D,1,1
1478,台華管理顧問股份有限公司,臺北市,D,6,1
1479,台灣麥當勞餐廳股份有限公司高雄建工分公司,高雄市,D,1,1
1480,台灣麥當勞餐廳股份有限公司中壢中正分公司,桃園縣,D,1,1
1481,台灣麥當勞餐廳股份有限公司高雄博愛二分公司,高雄市,D,1,1
1482,台灣麥當勞餐廳股份有限公司桃園大興西分公司,桃園縣,D,1,1
1483,台灣麥當勞餐廳股份有限公司新竹光復二分公司,新竹市,D,1,1
1484,台灣麥當勞餐廳股份有限公司中壢環中東二分公司,桃園縣,D,1,1
1485,香港商世界健身事業有限公司台北分公司,臺北市,D,1,1
1486,原價屋電腦有限公司,臺北市,D,1,1
1487,雅虎數位行銷有限公司,臺北市,D,1,1
1488,鐵人化計畫股份有限公司,臺北市,D,1,1
1489,都更旺開發有限公司,新北市,D,1,1
1490,瓦城泰統股份有限公司台中分公司,臺中市,D,1,1
1491,兔將創意動畫股份有限公司,臺北市,D,1,1
1492,台灣麥當勞餐廳股份有限公司高雄新澄清分公司,高雄市,D,1,1
1493,台灣麥當勞餐廳股份有限公司台中中港六分公司,臺中市,D,1,1
1494,英屬維京群島商敦宜股份有限公司台灣分公司,臺北市,D,1,1
1495,天天見麵食品股份有限公司,臺中市,D,1,1
1496,經緯智慧科技股份有限公司,臺北市,D,1,1
1497,遠東巨城購物中心股份有限公司,臺北市,D,1,1
1498,臺灣糯米網科技發展有限公司,臺北市,D,1,1
1499,香港商先進太平洋股份有限公司台灣分公司,高雄市,D,1,1
1500,龜山島休閒開發股份有限公司,臺北市,D,1,1
1501,華友聯休憩事業股份有限公司,高雄市,D,1,1
1502,福容大飯店股份有限公司淡水漁人碼頭分公司,新北市,D,2,1
1503,華光工程顧問股份有限公司,臺北市,D,1,1
1504,港欣餐廳有限公司,臺北市,D,1,1
1505,瑛誼國際有限公司,臺中市,D,1,1
1506,吸元國際育樂股份有限公司,臺北市,D,1,1
1507,勝益國際股份有限公司,新北市,D,1,1
1508,王品餐飲股份有限公司夏慕尼中壢延平分公司,桃園縣,D,1,1
1509,威秀影城股份有限公司惠中分公司,臺中市,D,1,1
1510,威秀影城股份有限公司板橋分公司,新北市,D,1,1
1511,微風超市股份有限公司,臺北市,D,1,1
1512,鑫鼎王餐飲股份有限公司台中精誠分公司,臺中市,D,1,1
1513,王日春會計師,臺中市,D,1,1
1514,寰瀛法律事務所劉志鵬律師,臺北市,D,1,1
1515,健仁醫院,高雄市,D,4,1
1516,阮綜合醫療社團法人阮綜合醫院,高雄市,D,13,1
1517,羅興華建築師事務所,臺北市,D,1,1
1518,祐生醫院,高雄市,D,1,1
1519,元復醫院,新北市,D,1,1
1520,溪洲醫院,高雄市,D,1,1
1521,秀傳醫院,臺北市,D,1,1
1522,林志剛律師,臺北市,D,2,1
1523,安慎診所,新竹市,D,1,1
1524,康福護理之家,臺中市,D,1,1
1525,元宏聯合建築師事務所,臺北市,D,1,1
1526,第一聯合會計師事務所（林美玲會計師）,臺北市,D,1,1
1527,美商美國捷司平尼採購股份有限公司（楊幸佩代表人）,臺北市,D,1,1
1528,英商新視紀工程顧問有限公司（古文豪代表人）,臺北市,D,1,1
1529,李國光專利代理人,新北市,D,1,1
1530,高雄市立大同醫院〈委託財團法人私立高雄醫學大學附設中和紀念醫院經營〉,高雄市,D,5,1
1531,美兆診所,臺北市,D,1,1
1532,香港商信音科技〈香港〉有限公司〈彭國銘代表人〉,臺北市,D,1,1
1533,臺中市私立華盛頓美語會話短期補習班,臺中市,D,1,1
1534,致遠聯合會計師事務所（楊建國會計師）,臺北市,D,1,1
1535,新高醫院,高雄市,D,1,1
1536,屏東縣里港鄉農會,屏東縣,D,1,1
1537,台北市士林區農會,臺北市,D,1,1
1538,飛斯妥股份有限公司,新北市,D,1,1
1539,旗標出版股份有限公司,臺北市,D,1,1
1540,英特發股份有限公司,臺北市,D,1,1
1541,明日工作室股份有限公司,臺北市,D,1,1
1542,台灣國際角川書店股份有限公司,臺北市,D,1,1
1543,天下生活出版股份有限公司,臺北市,D,1,1
1544,香港商壹傳媒出版有限公司台灣分公司,臺北市,D,3,1
1545,今周文化事業股份有限公司,臺北市,D,1,1
1546,財團法人台灣創意設計中心,臺北市,D,1,1
1547,英屬蓋曼群島商家庭傳媒股份有限公司城邦分公司,臺北市,D,4,1
1548,典藏藝術家庭股份有限公司,臺北市,D,1,1
1549,莎士比亞文化事業股份有限公司,臺中市,D,1,1
1550,財團法人國家實驗研究院台灣海洋科技研究中心,臺北市,D,1,1
1551,香港商法蘭克福新時代傳媒有限公司台灣分公司,臺北市,D,1,1
1552,銘傳大學,臺北市,E,14,5
1553,致理技術學院,新北市,E,7,2
1554,龍華科技大學,桃園縣,E,7,2
1555,台中市私立嶺東高級中學,臺中市,E,2,1
1556,台北市私立再興國民小學,臺北市,E,1,1
1557,台灣省台北縣私立復興高級商工職業學校,新北市,E,2,1
1558,台北市私立薇閣高級中學,臺北市,E,1,1
1559,台北市私立文德女子高級中學,臺北市,E,1,1
1560,台北市私立華興國民小學,臺北市,E,1,1
1561,東莞台商子弟學校,臺北市,E,1,1
1562,財團法人中華民國對外貿易發展協會,臺北市,F,7,6
1563,工業技術研究院,新竹縣,F,61,3
1564,財團法人生物技術開發中心,新北市,F,4,3
1565,行政院衛生署雙和醫院（委託臺北醫學大學興建經營）,新北市,F,18,2
1566,郭綜合醫院,臺南市,F,7,2
1567,財團法人中國生產力中心,新北市,F,5,2
1568,中華民國資訊軟體協會,臺北市,F,1,1
1569,中華民國紅十字會新高雄分會,高雄市,F,1,1
1570,壢新醫院,桃園縣,F,11,1
1571,財團法人佛教慈濟綜合醫院玉里分院,花蓮縣,F,1,1
1572,中英醫療社團法人板英醫院,新北市,F,1,1
1573,佛光山寺,高雄市,F,1,1
1574,中華民國全國商港總工會動力小船駕駛訓練中心,高雄市,F,1,1
1575,總統、副總統候選人蔡英文、蘇嘉全,臺北市,F,1,1
1576,總統、副總統候選人馬英九、吳敦義,臺北市,F,1,1
1577,有限責任花蓮第二信用合作社,花蓮縣,F,2,1
1578,財團法人中小企業信用保証基金,臺北市,F,3,1
1579,財團法人中國驗船中心,臺北市,F,1,1
1580,財團法人台灣省私立台中仁愛之家,臺中市,F,1,1
1581,財團法人天主教聖保祿修女會醫院,桃園縣,F,8,1
1582,財團法人中興工程顧問社,臺北市,F,1,1
1583,新北市蘆洲區農會,新北市,F,1,1
1584,苗栗縣大湖地區農會,苗栗縣,F,1,1
1585,新北市泰山區農會,新北市,F,1,1
1586,嘉義縣竹崎地區農會,嘉義縣,F,1,1
1587,彰化縣花壇鄉農會,彰化縣,F,1,1
1588,桃園縣新屋鄉農會,桃園縣,F,1,1
1589,財團法人台灣金融研訓院,臺北市,F,1,1
1590,財團法人中華經濟研究院,臺北市,F,3,1
1591,財團法人保險事業發展中心,臺北市,F,1,1
1592,財團法人中華民國紡織業拓展會,臺北市,F,1,1
1593,財團法人創世社會福利基金會,臺北市,F,4,1
1594,財團法人金融聯合徵信中心,臺北市,F,1,1
1595,財團法人塑膠工業技術發展中心,臺中市,F,2,1
1596,財團法人石材暨資源產業研究發展中心,花蓮縣,F,1,1
1597,財團法人台北歐洲學校,臺北市,F,2,1
1598,財團法人國際合作發展基金會,臺北市,F,2,1
1599,財團法人加百列福音傳播基金會,臺北市,F,1,1
1600,財團法人醫藥品查驗中心,臺北市,F,1,1
1601,財團法人台灣綠色生產力基金會,新北市,F,1,1
1602,財團法人台灣基督長老教會雙連教會附設台北縣私立雙連安養中心,臺北市,F,2,1
1603,財團法人華山社會福利慈善事業基金會,臺北市,F,2,1
1604,財團法人國家實驗研究院國家晶片系統設計中心,新竹市,F,1,1
1605,財團法人彰化縣私立葳群公益慈善事業基金會,彰化縣,F,1,1
1606,有限責任高雄縣日新照顧服務勞動合作社,高雄市,F,1,1
1607,長榮交響樂團,臺北市,F,1,1
1608,財團法人蒲公英希望基金會,臺北市,F,1,1
1609,財團法人商業發展研究院,臺北市,F,1,1